time,ABCD,ABC,sd_ABCD,sd_ABC
1.0,0.0,0.0,NaN,NaN
2.0,0.0,0.0,NaN,NaN
3.0,0.0,0.0,NaN,NaN
4.0,0.0,0.0,NaN,NaN
5.0,0.0,0.0,NaN,NaN
6.0,0.0,0.0,NaN,NaN
7.0,0.0,0.0,NaN,NaN
8.0,0.0,0.0,NaN,NaN
9.0,0.0,0.0,NaN,NaN
10.0,0.0,0.0,NaN,NaN
11.0,0.0,0.0,NaN,NaN
12.0,0.0,0.0,NaN,NaN
13.0,0.0,0.0,NaN,NaN
14.0,0.0,0.0,NaN,NaN
15.0,0.0,0.0,NaN,NaN
16.0,0.0,0.0,NaN,NaN
17.0,0.0,0.0,NaN,NaN
18.0,0.0,0.0,NaN,NaN
19.0,0.0,0.0,NaN,NaN
20.0,0.0,0.0,NaN,NaN
21.0,0.0,0.0,NaN,NaN
22.0,0.0,0.0,NaN,NaN
23.0,0.0,0.0,NaN,NaN
24.0,0.0,0.0,NaN,NaN
25.0,0.0,0.0,NaN,NaN
26.0,0.0,0.0,NaN,NaN
27.0,0.0,0.0,NaN,NaN
28.0,0.0,0.0,NaN,NaN
29.0,0.0,0.0,NaN,NaN
30.0,0.0,0.0,NaN,NaN
31.0,0.0,0.0,NaN,NaN
32.0,0.0,0.0,NaN,NaN
33.0,0.0,0.0,NaN,NaN
34.0,0.0,0.0,NaN,NaN
35.0,0.0,0.0,NaN,NaN
36.0,0.0,0.0,NaN,NaN
37.0,0.0,0.0,NaN,NaN
38.0,0.0,0.0,NaN,NaN
39.0,0.0,0.0,NaN,NaN
40.0,0.0,0.0,NaN,NaN
41.0,0.0,0.0,NaN,NaN
42.0,0.0,0.0,NaN,NaN
43.0,0.0,0.0,NaN,NaN
44.0,0.0,0.0,NaN,NaN
45.0,0.0,0.0,NaN,NaN
46.0,0.0,0.0,NaN,NaN
47.0,0.0,0.0,NaN,NaN
48.0,0.0,0.0,NaN,NaN
49.0,0.0,0.0,NaN,NaN
50.0,0.0,0.0,NaN,NaN
51.0,0.0,0.0,NaN,NaN
52.0,0.0,0.0,NaN,NaN
53.0,0.0,0.0,NaN,NaN
54.0,0.0,0.0,NaN,NaN
55.0,0.0,0.0,NaN,NaN
56.0,0.0,0.0,NaN,NaN
57.0,0.0,0.0,NaN,NaN
58.0,0.0,0.0,NaN,NaN
59.0,0.0,0.0,NaN,NaN
60.0,0.0,0.0,NaN,NaN
61.0,0.0,0.0,NaN,NaN
62.0,0.0,0.0,NaN,NaN
63.0,0.0,0.0,NaN,NaN
64.0,0.0,0.0,NaN,NaN
65.0,0.0,0.0,NaN,NaN
66.0,0.0,0.0,NaN,NaN
67.0,0.0,0.0,NaN,NaN
68.0,0.0,0.0,NaN,NaN
69.0,0.0,0.0,NaN,NaN
70.0,0.0,0.0,NaN,NaN
71.0,0.0,0.0,NaN,NaN
72.0,0.0,0.0,NaN,NaN
73.0,0.0,0.0,NaN,NaN
74.0,0.0,0.0,NaN,NaN
75.0,0.0,0.0,NaN,NaN
76.0,0.0,0.0,NaN,NaN
77.0,0.0,0.0,NaN,NaN
78.0,0.0,0.0,NaN,NaN
79.0,0.0,0.0,NaN,NaN
80.0,0.0,0.0,NaN,NaN
81.0,0.0,0.0,NaN,NaN
82.0,0.0,0.0,NaN,NaN
83.0,0.0,0.0,NaN,NaN
84.0,0.0,0.0,NaN,NaN
85.0,0.0,0.0,NaN,NaN
86.0,0.0,0.0,NaN,NaN
87.0,0.0,0.0,NaN,NaN
88.0,0.0,0.0,NaN,NaN
89.0,0.0,0.0,NaN,NaN
90.0,0.0,0.0,NaN,NaN
91.0,0.0,0.0,NaN,NaN
92.0,0.0,0.0,NaN,NaN
93.0,0.0,0.0,NaN,NaN
94.0,0.0,0.0,NaN,NaN
95.0,0.0,0.0,NaN,NaN
96.0,0.0,0.0,NaN,NaN
97.0,0.0,0.025,NaN,NaN
98.0,0.0,0.025,NaN,NaN
99.0,0.0,0.025,NaN,NaN
100.0,0.0,0.025,NaN,NaN
101.0,0.0,0.025,NaN,NaN
102.0,0.0,0.025,NaN,NaN
103.0,0.0,0.025,NaN,NaN
104.0,0.0,0.025,NaN,NaN
105.0,0.0,0.025,NaN,NaN
106.0,0.0,0.025,NaN,NaN
107.0,0.0,0.025,NaN,NaN
108.0,0.0,0.025,NaN,NaN
109.0,0.0,0.025,NaN,NaN
110.0,0.0,0.025,NaN,NaN
111.0,0.0,0.025,NaN,NaN
112.0,0.0,0.025,NaN,NaN
113.0,0.0,0.025,NaN,NaN
114.0,0.0,0.025,NaN,NaN
115.0,0.0,0.025,NaN,NaN
116.0,0.0,0.025,NaN,NaN
117.0,0.0,0.025,NaN,NaN
118.0,0.0,0.025,NaN,NaN
119.0,0.0,0.025,NaN,NaN
120.0,0.0,0.025,NaN,NaN
121.0,0.0,0.025,NaN,NaN
122.0,0.0,0.025,NaN,NaN
123.0,0.0,0.025,NaN,NaN
124.0,0.0,0.025,NaN,NaN
125.0,0.0,0.025,NaN,NaN
126.0,0.0,0.025,NaN,NaN
127.0,0.0,0.025,NaN,NaN
128.0,0.0,0.025,NaN,NaN
129.0,0.0,0.025,NaN,NaN
130.0,0.0,0.025,NaN,NaN
131.0,0.0,0.025,NaN,NaN
132.0,0.0,0.025,NaN,NaN
133.0,0.0,0.025,NaN,NaN
134.0,0.0,0.025,NaN,NaN
135.0,0.0,0.025,NaN,NaN
136.0,0.0,0.025,NaN,NaN
137.0,0.0,0.025,NaN,NaN
138.0,0.0,0.025,NaN,NaN
139.0,0.0,0.025,NaN,NaN
140.0,0.0,0.025,NaN,NaN
141.0,0.0,0.025,NaN,NaN
142.0,0.0,0.025,NaN,NaN
143.0,0.0,0.025,NaN,NaN
144.0,0.0,0.025,NaN,NaN
145.0,0.0,0.025,NaN,NaN
146.0,0.0,0.025,NaN,NaN
147.0,0.0,0.025,NaN,NaN
148.0,0.0,0.025,NaN,NaN
149.0,0.0,0.025,NaN,NaN
150.0,0.0,0.025,NaN,NaN
151.0,0.0,0.025,NaN,NaN
152.0,0.0,0.025,NaN,NaN
153.0,0.0,0.025,NaN,NaN
154.0,0.0,0.025,NaN,NaN
155.0,0.0,0.025,NaN,NaN
156.0,0.0,0.025,NaN,NaN
157.0,0.0,0.025,NaN,NaN
158.0,0.0,0.025,NaN,NaN
159.0,0.0,0.025,NaN,NaN
160.0,0.0,0.025,NaN,NaN
161.0,0.0,0.025,NaN,NaN
162.0,0.0,0.025,NaN,NaN
163.0,0.0,0.025,NaN,NaN
164.0,0.0,0.025,NaN,NaN
165.0,0.0,0.025,NaN,NaN
166.0,0.0,0.025,NaN,NaN
167.0,0.0,0.05,NaN,NaN
168.0,0.0,0.05,NaN,NaN
169.0,0.0,0.05,NaN,NaN
170.0,0.0,0.05,NaN,NaN
171.0,0.0,0.05,NaN,NaN
172.0,0.0,0.05,NaN,NaN
173.0,0.0,0.05,NaN,NaN
174.0,0.0,0.05,NaN,NaN
175.0,0.0,0.05,NaN,NaN
176.0,0.0,0.05,NaN,NaN
177.0,0.0,0.05,NaN,NaN
178.0,0.0,0.05,NaN,NaN
179.0,0.0,0.05,NaN,NaN
180.0,0.0,0.05,NaN,NaN
181.0,0.0,0.05,NaN,NaN
182.0,0.0,0.05,NaN,NaN
183.0,0.0,0.05,NaN,NaN
184.0,0.0,0.05,NaN,NaN
185.0,0.0,0.05,NaN,NaN
186.0,0.0,0.05,NaN,NaN
187.0,0.0,0.05,NaN,NaN
188.0,0.0,0.05,NaN,NaN
189.0,0.0,0.05,NaN,NaN
190.0,0.0,0.05,NaN,NaN
191.0,0.0,0.05,NaN,NaN
192.0,0.0,0.05,NaN,NaN
193.0,0.0,0.05,NaN,NaN
194.0,0.0,0.05,NaN,NaN
195.0,0.0,0.05,NaN,NaN
196.0,0.0,0.05,NaN,NaN
197.0,0.0,0.05,NaN,NaN
198.0,0.0,0.05,NaN,NaN
199.0,0.0,0.05,NaN,NaN
200.0,0.0,0.05,NaN,NaN
201.0,0.0,0.05,NaN,NaN
202.0,0.0,0.05,NaN,NaN
203.0,0.0,0.05,NaN,NaN
204.0,0.0,0.05,NaN,NaN
205.0,0.0,0.05,NaN,NaN
206.0,0.0,0.05,NaN,NaN
207.0,0.0,0.05,NaN,NaN
208.0,0.0,0.05,NaN,NaN
209.0,0.0,0.05,NaN,NaN
210.0,0.0,0.05,NaN,NaN
211.0,0.0,0.05,NaN,NaN
212.0,0.0,0.05,NaN,NaN
213.0,0.0,0.05,NaN,NaN
214.0,0.0,0.05,NaN,NaN
215.0,0.0,0.05,NaN,NaN
216.0,0.0,0.05,NaN,NaN
217.0,0.0,0.05,NaN,NaN
218.0,0.0,0.05,NaN,NaN
219.0,0.0,0.05,NaN,NaN
220.0,0.0,0.05,NaN,NaN
221.0,0.0,0.05,NaN,NaN
222.0,0.0,0.05,NaN,NaN
223.0,0.0,0.05,NaN,NaN
224.0,0.0,0.05,NaN,NaN
225.0,0.0,0.05,NaN,NaN
226.0,0.0,0.05,NaN,NaN
227.0,0.0,0.05,NaN,NaN
228.0,0.0,0.05,NaN,NaN
229.0,0.0,0.05,NaN,NaN
230.0,0.0,0.05,NaN,NaN
231.0,0.0,0.05,NaN,NaN
232.0,0.0,0.05,NaN,NaN
233.0,0.0,0.05,NaN,NaN
234.0,0.0,0.05,NaN,NaN
235.0,0.0,0.05,NaN,NaN
236.0,0.0,0.05,NaN,NaN
237.0,0.0,0.05,NaN,NaN
238.0,0.0,0.05,NaN,NaN
239.0,0.0,0.05,NaN,NaN
240.0,0.0,0.05,NaN,NaN
241.0,0.0,0.05,NaN,NaN
242.0,0.0,0.05,NaN,NaN
243.0,0.0,0.05,NaN,NaN
244.0,0.0,0.05,NaN,NaN
245.0,0.0,0.05,NaN,NaN
246.0,0.0,0.05,NaN,NaN
247.0,0.0,0.05,NaN,NaN
248.0,0.0,0.05,NaN,NaN
249.0,0.0,0.075,NaN,NaN
250.0,0.0,0.075,NaN,NaN
251.0,0.0,0.075,NaN,NaN
252.0,0.0,0.075,NaN,NaN
253.0,0.0,0.075,NaN,NaN
254.0,0.0,0.075,NaN,NaN
255.0,0.0,0.075,NaN,NaN
256.0,0.0,0.075,NaN,NaN
257.0,0.0,0.075,NaN,NaN
258.0,0.0,0.075,NaN,NaN
259.0,0.0,0.075,NaN,NaN
260.0,0.0,0.075,NaN,NaN
261.0,0.0,0.075,NaN,NaN
262.0,0.0,0.075,NaN,NaN
263.0,0.0,0.075,NaN,NaN
264.0,0.0,0.075,NaN,NaN
265.0,0.0,0.075,NaN,NaN
266.0,0.0,0.075,NaN,NaN
267.0,0.0,0.075,NaN,NaN
268.0,0.0,0.075,NaN,NaN
269.0,0.0,0.075,NaN,NaN
270.0,0.0,0.075,NaN,NaN
271.0,0.0,0.075,NaN,NaN
272.0,0.0,0.075,NaN,NaN
273.0,0.0,0.075,NaN,NaN
274.0,0.0,0.075,NaN,NaN
275.0,0.0,0.075,NaN,NaN
276.0,0.0,0.075,NaN,NaN
277.0,0.0,0.075,NaN,NaN
278.0,0.0,0.075,NaN,NaN
279.0,0.0,0.075,NaN,NaN
280.0,0.0,0.075,NaN,NaN
281.0,0.0,0.075,NaN,NaN
282.0,0.0,0.075,NaN,NaN
283.0,0.0,0.075,NaN,NaN
284.0,0.0,0.075,NaN,NaN
285.0,0.0,0.075,NaN,NaN
286.0,0.0,0.075,NaN,NaN
287.0,0.0,0.075,NaN,NaN
288.0,0.0,0.075,NaN,NaN
289.0,0.0,0.075,NaN,NaN
290.0,0.0,0.075,NaN,NaN
291.0,0.0,0.075,NaN,NaN
292.0,0.0,0.075,NaN,NaN
293.0,0.0,0.075,NaN,NaN
294.0,0.0,0.075,NaN,NaN
295.0,0.0,0.075,NaN,NaN
296.0,0.0,0.075,NaN,NaN
297.0,0.0,0.075,NaN,NaN
298.0,0.0,0.075,NaN,NaN
299.0,0.0,0.075,NaN,NaN
300.0,0.0,0.075,NaN,NaN
301.0,0.0,0.075,NaN,NaN
302.0,0.0,0.075,NaN,NaN
303.0,0.0,0.075,NaN,NaN
304.0,0.0,0.075,NaN,NaN
305.0,0.0,0.075,NaN,NaN
306.0,0.0,0.075,NaN,NaN
307.0,0.0,0.075,NaN,NaN
308.0,0.0,0.075,NaN,NaN
309.0,0.0,0.075,NaN,NaN
310.0,0.0,0.075,NaN,NaN
311.0,0.0,0.075,NaN,NaN
312.0,0.0,0.075,NaN,NaN
313.0,0.0,0.075,NaN,NaN
314.0,0.0,0.075,NaN,NaN
315.0,0.0,0.075,NaN,NaN
316.0,0.0,0.075,NaN,NaN
317.0,0.0,0.075,NaN,NaN
318.0,0.0,0.075,NaN,NaN
319.0,0.0,0.075,NaN,NaN
320.0,0.0,0.075,NaN,NaN
321.0,0.0,0.075,NaN,NaN
322.0,0.0,0.075,NaN,NaN
323.0,0.0,0.075,NaN,NaN
324.0,0.0,0.075,NaN,NaN
325.0,0.0,0.075,NaN,NaN
326.0,0.0,0.075,NaN,NaN
327.0,0.0,0.075,NaN,NaN
328.0,0.0,0.075,NaN,NaN
329.0,0.0,0.075,NaN,NaN
330.0,0.0,0.075,NaN,NaN
331.0,0.0,0.075,NaN,NaN
332.0,0.0,0.075,NaN,NaN
333.0,0.0,0.075,NaN,NaN
334.0,0.0,0.075,NaN,NaN
335.0,0.0,0.075,NaN,NaN
336.0,0.0,0.075,NaN,NaN
337.0,0.0,0.075,NaN,NaN
338.0,0.0,0.075,NaN,NaN
339.0,0.0,0.075,NaN,NaN
340.0,0.0,0.075,NaN,NaN
341.0,0.0,0.075,NaN,NaN
342.0,0.0,0.075,NaN,NaN
343.0,0.0,0.075,NaN,NaN
344.0,0.0,0.075,NaN,NaN
345.0,0.0,0.075,NaN,NaN
346.0,0.0,0.075,NaN,NaN
347.0,0.0,0.075,NaN,NaN
348.0,0.0,0.075,NaN,NaN
349.0,0.0,0.075,NaN,NaN
350.0,0.0,0.075,NaN,NaN
351.0,0.0,0.075,NaN,NaN
352.0,0.0,0.075,NaN,NaN
353.0,0.0,0.075,NaN,NaN
354.0,0.0,0.075,NaN,NaN
355.0,0.0,0.075,NaN,NaN
356.0,0.0,0.075,NaN,NaN
357.0,0.0,0.075,NaN,NaN
358.0,0.0,0.075,NaN,NaN
359.0,0.0,0.075,NaN,NaN
360.0,0.0,0.075,NaN,NaN
361.0,0.0,0.075,NaN,NaN
362.0,0.0,0.075,NaN,NaN
363.0,0.0,0.075,NaN,NaN
364.0,0.0,0.075,NaN,NaN
365.0,0.0,0.075,NaN,NaN
366.0,0.0,0.075,NaN,NaN
367.0,0.0,0.075,NaN,NaN
368.0,0.0,0.075,NaN,NaN
369.0,0.0,0.075,NaN,NaN
370.0,0.0,0.1,NaN,NaN
371.0,0.0,0.1,NaN,NaN
372.0,0.0,0.1,NaN,NaN
373.0,0.0,0.1,NaN,NaN
374.0,0.0,0.1,NaN,NaN
375.0,0.0,0.1,NaN,NaN
376.0,0.0,0.1,NaN,NaN
377.0,0.0,0.1,NaN,NaN
378.0,0.0,0.1,NaN,NaN
379.0,0.0,0.1,NaN,NaN
380.0,0.0,0.1,NaN,NaN
381.0,0.0,0.1,NaN,NaN
382.0,0.0,0.1,NaN,NaN
383.0,0.0,0.1,NaN,NaN
384.0,0.0,0.1,NaN,NaN
385.0,0.0,0.1,NaN,NaN
386.0,0.0,0.1,NaN,NaN
387.0,0.0,0.1,NaN,NaN
388.0,0.0,0.1,NaN,NaN
389.0,0.0,0.1,NaN,NaN
390.0,0.0,0.1,NaN,NaN
391.0,0.0,0.1,NaN,NaN
392.0,0.0,0.1,NaN,NaN
393.0,0.0,0.1,NaN,NaN
394.0,0.0,0.1,NaN,NaN
395.0,0.0,0.1,NaN,NaN
396.0,0.0,0.1,NaN,NaN
397.0,0.0,0.1,NaN,NaN
398.0,0.0,0.1,NaN,NaN
399.0,0.0,0.1,NaN,NaN
400.0,0.0,0.1,NaN,NaN
401.0,0.0,0.1,NaN,NaN
402.0,0.0,0.1,NaN,NaN
403.0,0.0,0.1,NaN,NaN
404.0,0.0,0.1,NaN,NaN
405.0,0.0,0.1,NaN,NaN
406.0,0.0,0.1,NaN,NaN
407.0,0.0,0.1,NaN,NaN
408.0,0.0,0.1,NaN,NaN
409.0,0.0,0.1,NaN,NaN
410.0,0.0,0.1,NaN,NaN
411.0,0.0,0.1,NaN,NaN
412.0,0.0,0.1,NaN,NaN
413.0,0.0,0.1,NaN,NaN
414.0,0.0,0.1,NaN,NaN
415.0,0.0,0.1,NaN,NaN
416.0,0.0,0.1,NaN,NaN
417.0,0.0,0.1,NaN,NaN
418.0,0.0,0.1,NaN,NaN
419.0,0.0,0.1,NaN,NaN
420.0,0.0,0.1,NaN,NaN
421.0,0.0,0.1,NaN,NaN
422.0,0.0,0.1,NaN,NaN
423.0,0.0,0.1,NaN,NaN
424.0,0.0,0.1,NaN,NaN
425.0,0.0,0.1,NaN,NaN
426.0,0.0,0.1,NaN,NaN
427.0,0.0,0.1,NaN,NaN
428.0,0.0,0.1,NaN,NaN
429.0,0.0,0.1,NaN,NaN
430.0,0.0,0.1,NaN,NaN
431.0,0.0,0.1,NaN,NaN
432.0,0.0,0.1,NaN,NaN
433.0,0.0,0.1,NaN,NaN
434.0,0.0,0.1,NaN,NaN
435.0,0.0,0.1,NaN,NaN
436.0,0.0,0.1,NaN,NaN
437.0,0.0,0.1,NaN,NaN
438.0,0.0,0.1,NaN,NaN
439.0,0.0,0.1,NaN,NaN
440.0,0.0,0.1,NaN,NaN
441.0,0.0,0.1,NaN,NaN
442.0,0.0,0.1,NaN,NaN
443.0,0.0,0.1,NaN,NaN
444.0,0.0,0.1,NaN,NaN
445.0,0.0,0.1,NaN,NaN
446.0,0.0,0.1,NaN,NaN
447.0,0.0,0.1,NaN,NaN
448.0,0.0,0.1,NaN,NaN
449.0,0.0,0.1,NaN,NaN
450.0,0.0,0.1,NaN,NaN
451.0,0.0375,0.075,NaN,NaN
452.0,0.0375,0.075,NaN,NaN
453.0,0.0375,0.075,NaN,NaN
454.0,0.0375,0.075,NaN,NaN
455.0,0.0375,0.075,NaN,NaN
456.0,0.0375,0.075,NaN,NaN
457.0,0.0375,0.075,NaN,NaN
458.0,0.0375,0.075,NaN,NaN
459.0,0.0375,0.075,NaN,NaN
460.0,0.0375,0.075,NaN,NaN
461.0,0.0375,0.075,NaN,NaN
462.0,0.0375,0.075,NaN,NaN
463.0,0.0375,0.075,NaN,NaN
464.0,0.0375,0.075,NaN,NaN
465.0,0.0375,0.075,NaN,NaN
466.0,0.0375,0.075,NaN,NaN
467.0,0.0375,0.075,NaN,NaN
468.0,0.0375,0.075,NaN,NaN
469.0,0.0375,0.075,NaN,NaN
470.0,0.0375,0.075,NaN,NaN
471.0,0.0375,0.075,NaN,NaN
472.0,0.0375,0.075,NaN,NaN
473.0,0.0375,0.075,NaN,NaN
474.0,0.0375,0.075,NaN,NaN
475.0,0.0375,0.075,NaN,NaN
476.0,0.0375,0.075,NaN,NaN
477.0,0.0375,0.075,NaN,NaN
478.0,0.0375,0.075,NaN,NaN
479.0,0.0375,0.075,NaN,NaN
480.0,0.0375,0.075,NaN,NaN
481.0,0.0375,0.075,NaN,NaN
482.0,0.0375,0.075,NaN,NaN
483.0,0.0375,0.075,NaN,NaN
484.0,0.0375,0.075,NaN,NaN
485.0,0.0375,0.075,NaN,NaN
486.0,0.0375,0.075,NaN,NaN
487.0,0.0375,0.075,NaN,NaN
488.0,0.0375,0.075,NaN,NaN
489.0,0.0375,0.075,NaN,NaN
490.0,0.0375,0.075,NaN,NaN
491.0,0.0375,0.075,NaN,NaN
492.0,0.0375,0.075,NaN,NaN
493.0,0.0375,0.075,NaN,NaN
494.0,0.0375,0.075,NaN,NaN
495.0,0.0375,0.075,NaN,NaN
496.0,0.0375,0.075,NaN,NaN
497.0,0.0375,0.075,NaN,NaN
498.0,0.0375,0.075,NaN,NaN
499.0,0.0375,0.075,NaN,NaN
500.0,0.0375,0.075,NaN,NaN
501.0,0.0375,0.075,NaN,NaN
502.0,0.0375,0.075,NaN,NaN
503.0,0.0375,0.075,NaN,NaN
504.0,0.0375,0.075,NaN,NaN
505.0,0.0375,0.075,NaN,NaN
506.0,0.0375,0.075,NaN,NaN
507.0,0.0375,0.075,NaN,NaN
508.0,0.0375,0.075,NaN,NaN
509.0,0.0375,0.075,NaN,NaN
510.0,0.0375,0.075,NaN,NaN
511.0,0.0375,0.075,NaN,NaN
512.0,0.0375,0.075,NaN,NaN
513.0,0.0375,0.075,NaN,NaN
514.0,0.0375,0.075,NaN,NaN
515.0,0.0375,0.075,NaN,NaN
516.0,0.0375,0.075,NaN,NaN
517.0,0.0375,0.075,NaN,NaN
518.0,0.0375,0.075,NaN,NaN
519.0,0.0375,0.075,NaN,NaN
520.0,0.0375,0.075,NaN,NaN
521.0,0.0375,0.075,NaN,NaN
522.0,0.0375,0.075,NaN,NaN
523.0,0.0375,0.075,NaN,NaN
524.0,0.0375,0.075,NaN,NaN
525.0,0.0375,0.075,NaN,NaN
526.0,0.0375,0.075,NaN,NaN
527.0,0.0375,0.075,NaN,NaN
528.0,0.0375,0.1,NaN,NaN
529.0,0.0375,0.1,NaN,NaN
530.0,0.0375,0.1,NaN,NaN
531.0,0.0375,0.1,NaN,NaN
532.0,0.0375,0.1,NaN,NaN
533.0,0.0375,0.1,NaN,NaN
534.0,0.0375,0.1,NaN,NaN
535.0,0.0375,0.1,NaN,NaN
536.0,0.0375,0.1,NaN,NaN
537.0,0.0375,0.1,NaN,NaN
538.0,0.0375,0.1,NaN,NaN
539.0,0.0375,0.1,NaN,NaN
540.0,0.0375,0.1,NaN,NaN
541.0,0.0375,0.1,NaN,NaN
542.0,0.0375,0.1,NaN,NaN
543.0,0.0375,0.1,NaN,NaN
544.0,0.0375,0.1,NaN,NaN
545.0,0.0375,0.1,NaN,NaN
546.0,0.0375,0.1,NaN,NaN
547.0,0.0375,0.1,NaN,NaN
548.0,0.0375,0.1,NaN,NaN
549.0,0.0375,0.1,NaN,NaN
550.0,0.0375,0.1,NaN,NaN
551.0,0.0375,0.1,NaN,NaN
552.0,0.0375,0.1,NaN,NaN
553.0,0.0375,0.1,NaN,NaN
554.0,0.0375,0.1,NaN,NaN
555.0,0.0375,0.1,NaN,NaN
556.0,0.0375,0.1,NaN,NaN
557.0,0.0375,0.1,NaN,NaN
558.0,0.0375,0.1,NaN,NaN
559.0,0.0375,0.1,NaN,NaN
560.0,0.0375,0.1,NaN,NaN
561.0,0.0375,0.1,NaN,NaN
562.0,0.0375,0.1,NaN,NaN
563.0,0.0375,0.1,NaN,NaN
564.0,0.0375,0.1,NaN,NaN
565.0,0.0375,0.1,NaN,NaN
566.0,0.0375,0.1,NaN,NaN
567.0,0.0375,0.1,NaN,NaN
568.0,0.0375,0.1,NaN,NaN
569.0,0.0375,0.1,NaN,NaN
570.0,0.0375,0.1,NaN,NaN
571.0,0.0375,0.1,NaN,NaN
572.0,0.0375,0.1,NaN,NaN
573.0,0.0375,0.1,NaN,NaN
574.0,0.0375,0.1,NaN,NaN
575.0,0.0375,0.1,NaN,NaN
576.0,0.0375,0.1,NaN,NaN
577.0,0.0375,0.1,NaN,NaN
578.0,0.0375,0.1,NaN,NaN
579.0,0.0375,0.1,NaN,NaN
580.0,0.0375,0.1,NaN,NaN
581.0,0.0375,0.1,NaN,NaN
582.0,0.0375,0.1,NaN,NaN
583.0,0.0375,0.1,NaN,NaN
584.0,0.0375,0.1,NaN,NaN
585.0,0.0375,0.1,NaN,NaN
586.0,0.0375,0.1,NaN,NaN
587.0,0.0375,0.1,NaN,NaN
588.0,0.0375,0.1,NaN,NaN
589.0,0.0375,0.1,NaN,NaN
590.0,0.0375,0.1,NaN,NaN
591.0,0.0375,0.1,NaN,NaN
592.0,0.0375,0.1,NaN,NaN
593.0,0.0375,0.1,NaN,NaN
594.0,0.0375,0.1,NaN,NaN
595.0,0.0375,0.1,NaN,NaN
596.0,0.0375,0.1,NaN,NaN
597.0,0.0375,0.1,NaN,NaN
598.0,0.0375,0.1,NaN,NaN
599.0,0.0375,0.1,NaN,NaN
600.0,0.0375,0.1,NaN,NaN
601.0,0.0375,0.1,NaN,NaN
602.0,0.0375,0.1,NaN,NaN
603.0,0.0375,0.1,NaN,NaN
604.0,0.0375,0.1,NaN,NaN
605.0,0.0375,0.1,NaN,NaN
606.0,0.0375,0.1,NaN,NaN
607.0,0.0375,0.1,NaN,NaN
608.0,0.0375,0.1,NaN,NaN
609.0,0.0375,0.1,NaN,NaN
610.0,0.0375,0.1,NaN,NaN
611.0,0.0375,0.1,NaN,NaN
612.0,0.0375,0.1,NaN,NaN
613.0,0.0375,0.1,NaN,NaN
614.0,0.0375,0.1,NaN,NaN
615.0,0.0375,0.1,NaN,NaN
616.0,0.0375,0.1,NaN,NaN
617.0,0.0375,0.1,NaN,NaN
618.0,0.0375,0.1,NaN,NaN
619.0,0.0375,0.1,NaN,NaN
620.0,0.0375,0.1,NaN,NaN
621.0,0.0375,0.1,NaN,NaN
622.0,0.0375,0.1,NaN,NaN
623.0,0.0375,0.1,NaN,NaN
624.0,0.0375,0.1,NaN,NaN
625.0,0.0375,0.1,NaN,NaN
626.0,0.0375,0.1,NaN,NaN
627.0,0.0375,0.1,NaN,NaN
628.0,0.0375,0.1,NaN,NaN
629.0,0.0375,0.1,NaN,NaN
630.0,0.0375,0.1,NaN,NaN
631.0,0.0375,0.1,NaN,NaN
632.0,0.0375,0.1,NaN,NaN
633.0,0.0375,0.1,NaN,NaN
634.0,0.0375,0.1,NaN,NaN
635.0,0.0375,0.1,NaN,NaN
636.0,0.0375,0.1,NaN,NaN
637.0,0.0375,0.1,NaN,NaN
638.0,0.0375,0.1,NaN,NaN
639.0,0.0375,0.1,NaN,NaN
640.0,0.0375,0.1,NaN,NaN
641.0,0.0375,0.1,NaN,NaN
642.0,0.0375,0.1,NaN,NaN
643.0,0.0375,0.1,NaN,NaN
644.0,0.0375,0.1,NaN,NaN
645.0,0.0375,0.1,NaN,NaN
646.0,0.0375,0.1,NaN,NaN
647.0,0.0375,0.1,NaN,NaN
648.0,0.0375,0.1,NaN,NaN
649.0,0.0375,0.1,NaN,NaN
650.0,0.0375,0.1,NaN,NaN
651.0,0.0375,0.1,NaN,NaN
652.0,0.0375,0.1,NaN,NaN
653.0,0.0375,0.1,NaN,NaN
654.0,0.0375,0.1,NaN,NaN
655.0,0.0375,0.1,NaN,NaN
656.0,0.0375,0.1,NaN,NaN
657.0,0.0375,0.1,NaN,NaN
658.0,0.0375,0.1,NaN,NaN
659.0,0.0375,0.1,NaN,NaN
660.0,0.0375,0.1,NaN,NaN
661.0,0.0375,0.1,NaN,NaN
662.0,0.0375,0.1,NaN,NaN
663.0,0.0375,0.1,NaN,NaN
664.0,0.0375,0.1,NaN,NaN
665.0,0.0375,0.1,NaN,NaN
666.0,0.0375,0.1,NaN,NaN
667.0,0.0375,0.1,NaN,NaN
668.0,0.0375,0.1,NaN,NaN
669.0,0.0375,0.1,NaN,NaN
670.0,0.0375,0.1,NaN,NaN
671.0,0.0375,0.1,NaN,NaN
672.0,0.0375,0.1,NaN,NaN
673.0,0.0375,0.1,NaN,NaN
674.0,0.0375,0.1,NaN,NaN
675.0,0.0375,0.1,NaN,NaN
676.0,0.0375,0.1,NaN,NaN
677.0,0.0375,0.125,NaN,NaN
678.0,0.0375,0.125,NaN,NaN
679.0,0.0375,0.125,NaN,NaN
680.0,0.0375,0.125,NaN,NaN
681.0,0.0375,0.125,NaN,NaN
682.0,0.0375,0.125,NaN,NaN
683.0,0.0375,0.125,NaN,NaN
684.0,0.0375,0.125,NaN,NaN
685.0,0.0375,0.125,NaN,NaN
686.0,0.0375,0.125,NaN,NaN
687.0,0.0375,0.125,NaN,NaN
688.0,0.0375,0.125,NaN,NaN
689.0,0.0375,0.125,NaN,NaN
690.0,0.0375,0.125,NaN,NaN
691.0,0.0375,0.125,NaN,NaN
692.0,0.0375,0.125,NaN,NaN
693.0,0.0375,0.125,NaN,NaN
694.0,0.0375,0.125,NaN,NaN
695.0,0.075,0.1,NaN,NaN
696.0,0.075,0.1,NaN,NaN
697.0,0.075,0.1,NaN,NaN
698.0,0.075,0.1,NaN,NaN
699.0,0.075,0.1,NaN,NaN
700.0,0.075,0.1,NaN,NaN
701.0,0.075,0.1,NaN,NaN
702.0,0.075,0.1,NaN,NaN
703.0,0.075,0.1,NaN,NaN
704.0,0.075,0.1,NaN,NaN
705.0,0.075,0.1,NaN,NaN
706.0,0.075,0.1,NaN,NaN
707.0,0.075,0.1,NaN,NaN
708.0,0.075,0.1,NaN,NaN
709.0,0.075,0.1,NaN,NaN
710.0,0.075,0.1,NaN,NaN
711.0,0.075,0.1,NaN,NaN
712.0,0.075,0.1,NaN,NaN
713.0,0.075,0.1,NaN,NaN
714.0,0.075,0.1,NaN,NaN
715.0,0.075,0.1,NaN,NaN
716.0,0.075,0.1,NaN,NaN
717.0,0.075,0.1,NaN,NaN
718.0,0.075,0.1,NaN,NaN
719.0,0.075,0.1,NaN,NaN
720.0,0.075,0.1,NaN,NaN
721.0,0.075,0.1,NaN,NaN
722.0,0.075,0.1,NaN,NaN
723.0,0.075,0.1,NaN,NaN
724.0,0.075,0.1,NaN,NaN
725.0,0.075,0.1,NaN,NaN
726.0,0.075,0.1,NaN,NaN
727.0,0.075,0.1,NaN,NaN
728.0,0.075,0.1,NaN,NaN
729.0,0.075,0.1,NaN,NaN
730.0,0.075,0.1,NaN,NaN
731.0,0.075,0.1,NaN,NaN
732.0,0.075,0.1,NaN,NaN
733.0,0.075,0.1,NaN,NaN
734.0,0.075,0.1,NaN,NaN
735.0,0.075,0.1,NaN,NaN
736.0,0.075,0.1,NaN,NaN
737.0,0.075,0.1,NaN,NaN
738.0,0.075,0.1,NaN,NaN
739.0,0.075,0.1,NaN,NaN
740.0,0.075,0.1,NaN,NaN
741.0,0.075,0.1,NaN,NaN
742.0,0.075,0.1,NaN,NaN
743.0,0.075,0.1,NaN,NaN
744.0,0.075,0.1,NaN,NaN
745.0,0.075,0.1,NaN,NaN
746.0,0.075,0.1,NaN,NaN
747.0,0.075,0.1,NaN,NaN
748.0,0.075,0.1,NaN,NaN
749.0,0.075,0.1,NaN,NaN
750.0,0.075,0.1,NaN,NaN
751.0,0.075,0.1,NaN,NaN
752.0,0.075,0.1,NaN,NaN
753.0,0.075,0.1,NaN,NaN
754.0,0.075,0.1,NaN,NaN
755.0,0.075,0.1,NaN,NaN
756.0,0.075,0.1,NaN,NaN
757.0,0.075,0.1,NaN,NaN
758.0,0.075,0.1,NaN,NaN
759.0,0.075,0.1,NaN,NaN
760.0,0.075,0.1,NaN,NaN
761.0,0.075,0.1,NaN,NaN
762.0,0.075,0.1,NaN,NaN
763.0,0.075,0.1,NaN,NaN
764.0,0.075,0.1,NaN,NaN
765.0,0.075,0.1,NaN,NaN
766.0,0.075,0.1,NaN,NaN
767.0,0.075,0.1,NaN,NaN
768.0,0.075,0.1,NaN,NaN
769.0,0.075,0.1,NaN,NaN
770.0,0.075,0.1,NaN,NaN
771.0,0.075,0.1,NaN,NaN
772.0,0.075,0.1,NaN,NaN
773.0,0.075,0.1,NaN,NaN
774.0,0.075,0.1,NaN,NaN
775.0,0.075,0.1,NaN,NaN
776.0,0.075,0.1,NaN,NaN
777.0,0.075,0.1,NaN,NaN
778.0,0.075,0.1,NaN,NaN
779.0,0.075,0.1,NaN,NaN
780.0,0.075,0.1,NaN,NaN
781.0,0.075,0.1,NaN,NaN
782.0,0.075,0.1,NaN,NaN
783.0,0.075,0.1,NaN,NaN
784.0,0.075,0.1,NaN,NaN
785.0,0.075,0.1,NaN,NaN
786.0,0.075,0.1,NaN,NaN
787.0,0.075,0.1,NaN,NaN
788.0,0.075,0.1,NaN,NaN
789.0,0.075,0.1,NaN,NaN
790.0,0.075,0.1,NaN,NaN
791.0,0.075,0.1,NaN,NaN
792.0,0.075,0.1,NaN,NaN
793.0,0.075,0.1,NaN,NaN
794.0,0.075,0.1,NaN,NaN
795.0,0.075,0.1,NaN,NaN
796.0,0.075,0.1,NaN,NaN
797.0,0.075,0.1,NaN,NaN
798.0,0.075,0.1,NaN,NaN
799.0,0.075,0.1,NaN,NaN
800.0,0.075,0.1,NaN,NaN
801.0,0.075,0.1,NaN,NaN
802.0,0.075,0.1,NaN,NaN
803.0,0.075,0.1,NaN,NaN
804.0,0.075,0.1,NaN,NaN
805.0,0.075,0.1,NaN,NaN
806.0,0.075,0.1,NaN,NaN
807.0,0.075,0.1,NaN,NaN
808.0,0.075,0.1,NaN,NaN
809.0,0.075,0.1,NaN,NaN
810.0,0.075,0.1,NaN,NaN
811.0,0.075,0.1,NaN,NaN
812.0,0.075,0.1,NaN,NaN
813.0,0.075,0.1,NaN,NaN
814.0,0.075,0.1,NaN,NaN
815.0,0.075,0.1,NaN,NaN
816.0,0.075,0.1,NaN,NaN
817.0,0.075,0.1,NaN,NaN
818.0,0.075,0.1,NaN,NaN
819.0,0.075,0.1,NaN,NaN
820.0,0.075,0.1,NaN,NaN
821.0,0.075,0.1,NaN,NaN
822.0,0.075,0.1,NaN,NaN
823.0,0.075,0.1,NaN,NaN
824.0,0.075,0.1,NaN,NaN
825.0,0.075,0.1,NaN,NaN
826.0,0.075,0.1,NaN,NaN
827.0,0.075,0.1,NaN,NaN
828.0,0.075,0.1,NaN,NaN
829.0,0.075,0.1,NaN,NaN
830.0,0.075,0.1,NaN,NaN
831.0,0.075,0.1,NaN,NaN
832.0,0.075,0.1,NaN,NaN
833.0,0.075,0.1,NaN,NaN
834.0,0.075,0.1,NaN,NaN
835.0,0.075,0.1,NaN,NaN
836.0,0.075,0.1,NaN,NaN
837.0,0.075,0.1,NaN,NaN
838.0,0.075,0.1,NaN,NaN
839.0,0.075,0.1,NaN,NaN
840.0,0.075,0.1,NaN,NaN
841.0,0.075,0.1,NaN,NaN
842.0,0.075,0.1,NaN,NaN
843.0,0.075,0.1,NaN,NaN
844.0,0.075,0.1,NaN,NaN
845.0,0.075,0.1,NaN,NaN
846.0,0.075,0.1,NaN,NaN
847.0,0.075,0.1,NaN,NaN
848.0,0.1125,0.075,NaN,NaN
849.0,0.1125,0.075,NaN,NaN
850.0,0.1125,0.075,NaN,NaN
851.0,0.1125,0.075,NaN,NaN
852.0,0.1125,0.075,NaN,NaN
853.0,0.1125,0.1,NaN,NaN
854.0,0.1125,0.1,NaN,NaN
855.0,0.1125,0.1,NaN,NaN
856.0,0.1125,0.1,NaN,NaN
857.0,0.1125,0.1,NaN,NaN
858.0,0.1125,0.1,NaN,NaN
859.0,0.1125,0.1,NaN,NaN
860.0,0.1125,0.1,NaN,NaN
861.0,0.1125,0.1,NaN,NaN
862.0,0.1125,0.1,NaN,NaN
863.0,0.1125,0.1,NaN,NaN
864.0,0.1125,0.1,NaN,NaN
865.0,0.1125,0.1,NaN,NaN
866.0,0.1125,0.1,NaN,NaN
867.0,0.1125,0.1,NaN,NaN
868.0,0.1125,0.1,NaN,NaN
869.0,0.1125,0.1,NaN,NaN
870.0,0.1125,0.1,NaN,NaN
871.0,0.1125,0.1,NaN,NaN
872.0,0.1125,0.1,NaN,NaN
873.0,0.1125,0.1,NaN,NaN
874.0,0.1125,0.1,NaN,NaN
875.0,0.1125,0.1,NaN,NaN
876.0,0.1125,0.1,NaN,NaN
877.0,0.1125,0.1,NaN,NaN
878.0,0.1125,0.1,NaN,NaN
879.0,0.1125,0.1,NaN,NaN
880.0,0.1125,0.1,NaN,NaN
881.0,0.1125,0.1,NaN,NaN
882.0,0.1125,0.1,NaN,NaN
883.0,0.1125,0.1,NaN,NaN
884.0,0.1125,0.1,NaN,NaN
885.0,0.1125,0.1,NaN,NaN
886.0,0.1125,0.1,NaN,NaN
887.0,0.1125,0.1,NaN,NaN
888.0,0.1125,0.1,NaN,NaN
889.0,0.1125,0.1,NaN,NaN
890.0,0.1125,0.1,NaN,NaN
891.0,0.1125,0.1,NaN,NaN
892.0,0.1125,0.1,NaN,NaN
893.0,0.1125,0.1,NaN,NaN
894.0,0.1125,0.1,NaN,NaN
895.0,0.1125,0.1,NaN,NaN
896.0,0.1125,0.1,NaN,NaN
897.0,0.1125,0.1,NaN,NaN
898.0,0.1125,0.1,NaN,NaN
899.0,0.1125,0.1,NaN,NaN
900.0,0.1125,0.1,NaN,NaN
901.0,0.1125,0.1,NaN,NaN
902.0,0.1125,0.1,NaN,NaN
903.0,0.1125,0.1,NaN,NaN
904.0,0.1125,0.1,NaN,NaN
905.0,0.1125,0.1,NaN,NaN
906.0,0.1125,0.1,NaN,NaN
907.0,0.1125,0.1,NaN,NaN
908.0,0.1125,0.1,NaN,NaN
909.0,0.1125,0.1,NaN,NaN
910.0,0.1125,0.1,NaN,NaN
911.0,0.1125,0.1,NaN,NaN
912.0,0.1125,0.1,NaN,NaN
913.0,0.1125,0.1,NaN,NaN
914.0,0.1125,0.1,NaN,NaN
915.0,0.1125,0.1,NaN,NaN
916.0,0.1125,0.1,NaN,NaN
917.0,0.1125,0.1,NaN,NaN
918.0,0.1125,0.1,NaN,NaN
919.0,0.1125,0.1,NaN,NaN
920.0,0.1125,0.1,NaN,NaN
921.0,0.1125,0.1,NaN,NaN
922.0,0.1125,0.1,NaN,NaN
923.0,0.1125,0.1,NaN,NaN
924.0,0.1125,0.1,NaN,NaN
925.0,0.1125,0.1,NaN,NaN
926.0,0.1125,0.1,NaN,NaN
927.0,0.1125,0.1,NaN,NaN
928.0,0.1125,0.1,NaN,NaN
929.0,0.1125,0.1,NaN,NaN
930.0,0.1125,0.1,NaN,NaN
931.0,0.1125,0.1,NaN,NaN
932.0,0.1125,0.1,NaN,NaN
933.0,0.1125,0.1,NaN,NaN
934.0,0.1125,0.1,NaN,NaN
935.0,0.1125,0.1,NaN,NaN
936.0,0.1125,0.1,NaN,NaN
937.0,0.1125,0.1,NaN,NaN
938.0,0.1125,0.1,NaN,NaN
939.0,0.1125,0.1,NaN,NaN
940.0,0.1125,0.1,NaN,NaN
941.0,0.1125,0.1,NaN,NaN
942.0,0.1125,0.1,NaN,NaN
943.0,0.1125,0.1,NaN,NaN
944.0,0.1125,0.1,NaN,NaN
945.0,0.1125,0.1,NaN,NaN
946.0,0.1125,0.1,NaN,NaN
947.0,0.1125,0.1,NaN,NaN
948.0,0.1125,0.1,NaN,NaN
949.0,0.1125,0.1,NaN,NaN
950.0,0.1125,0.1,NaN,NaN
951.0,0.1125,0.1,NaN,NaN
952.0,0.1125,0.1,NaN,NaN
953.0,0.1125,0.1,NaN,NaN
954.0,0.1125,0.1,NaN,NaN
955.0,0.1125,0.1,NaN,NaN
956.0,0.1125,0.1,NaN,NaN
957.0,0.1125,0.1,NaN,NaN
958.0,0.1125,0.1,NaN,NaN
959.0,0.1125,0.125,NaN,NaN
960.0,0.1125,0.125,NaN,NaN
961.0,0.1125,0.125,NaN,NaN
962.0,0.1125,0.125,NaN,NaN
963.0,0.1125,0.125,NaN,NaN
964.0,0.1125,0.125,NaN,NaN
965.0,0.1125,0.125,NaN,NaN
966.0,0.1125,0.125,NaN,NaN
967.0,0.1125,0.125,NaN,NaN
968.0,0.1125,0.125,NaN,NaN
969.0,0.1125,0.125,NaN,NaN
970.0,0.1125,0.125,NaN,NaN
971.0,0.1125,0.125,NaN,NaN
972.0,0.1125,0.125,NaN,NaN
973.0,0.1125,0.125,NaN,NaN
974.0,0.1125,0.125,NaN,NaN
975.0,0.1125,0.125,NaN,NaN
976.0,0.1125,0.125,NaN,NaN
977.0,0.1125,0.125,NaN,NaN
978.0,0.1125,0.125,NaN,NaN
979.0,0.1125,0.125,NaN,NaN
980.0,0.1125,0.125,NaN,NaN
981.0,0.1125,0.125,NaN,NaN
982.0,0.1125,0.125,NaN,NaN
983.0,0.1125,0.125,NaN,NaN
984.0,0.1125,0.125,NaN,NaN
985.0,0.1125,0.125,NaN,NaN
986.0,0.1125,0.125,NaN,NaN
987.0,0.1125,0.125,NaN,NaN
988.0,0.1125,0.125,NaN,NaN
989.0,0.1125,0.125,NaN,NaN
990.0,0.1125,0.125,NaN,NaN
991.0,0.1125,0.125,NaN,NaN
992.0,0.1125,0.125,NaN,NaN
993.0,0.1125,0.125,NaN,NaN
994.0,0.1125,0.125,NaN,NaN
995.0,0.1125,0.125,NaN,NaN
996.0,0.1125,0.125,NaN,NaN
997.0,0.1125,0.125,NaN,NaN
998.0,0.1125,0.125,NaN,NaN
999.0,0.1125,0.15,NaN,NaN
1000.0,0.1125,0.15,NaN,NaN
1001.0,0.1125,0.15,NaN,NaN
1002.0,0.1125,0.15,NaN,NaN
1003.0,0.1125,0.15,NaN,NaN
1004.0,0.1125,0.15,NaN,NaN
1005.0,0.1125,0.15,NaN,NaN
1006.0,0.1125,0.15,NaN,NaN
1007.0,0.1125,0.15,NaN,NaN
1008.0,0.1125,0.15,NaN,NaN
1009.0,0.1125,0.15,NaN,NaN
1010.0,0.1125,0.15,NaN,NaN
1011.0,0.1125,0.15,NaN,NaN
1012.0,0.1125,0.15,NaN,NaN
1013.0,0.1125,0.15,NaN,NaN
1014.0,0.1125,0.15,NaN,NaN
1015.0,0.1125,0.15,NaN,NaN
1016.0,0.1125,0.15,NaN,NaN
1017.0,0.1125,0.15,NaN,NaN
1018.0,0.1125,0.15,NaN,NaN
1019.0,0.1125,0.15,NaN,NaN
1020.0,0.1125,0.15,NaN,NaN
1021.0,0.1125,0.15,NaN,NaN
1022.0,0.1125,0.15,NaN,NaN
1023.0,0.1125,0.15,NaN,NaN
1024.0,0.1125,0.15,NaN,NaN
1025.0,0.1125,0.15,NaN,NaN
1026.0,0.1125,0.15,NaN,NaN
1027.0,0.1125,0.15,NaN,NaN
1028.0,0.1125,0.15,NaN,NaN
1029.0,0.1125,0.15,NaN,NaN
1030.0,0.1125,0.15,NaN,NaN
1031.0,0.1125,0.15,NaN,NaN
1032.0,0.1125,0.15,NaN,NaN
1033.0,0.1125,0.15,NaN,NaN
1034.0,0.1125,0.15,NaN,NaN
1035.0,0.1125,0.15,NaN,NaN
1036.0,0.1125,0.15,NaN,NaN
1037.0,0.1125,0.15,NaN,NaN
1038.0,0.1125,0.15,NaN,NaN
1039.0,0.1125,0.15,NaN,NaN
1040.0,0.1125,0.15,NaN,NaN
1041.0,0.1125,0.15,NaN,NaN
1042.0,0.1125,0.15,NaN,NaN
1043.0,0.1125,0.15,NaN,NaN
1044.0,0.1125,0.15,NaN,NaN
1045.0,0.1125,0.15,NaN,NaN
1046.0,0.1125,0.15,NaN,NaN
1047.0,0.1125,0.15,NaN,NaN
1048.0,0.1125,0.15,NaN,NaN
1049.0,0.1125,0.15,NaN,NaN
1050.0,0.1125,0.15,NaN,NaN
1051.0,0.1125,0.15,NaN,NaN
1052.0,0.1125,0.15,NaN,NaN
1053.0,0.1125,0.15,NaN,NaN
1054.0,0.1125,0.15,NaN,NaN
1055.0,0.1125,0.15,NaN,NaN
1056.0,0.1125,0.15,NaN,NaN
1057.0,0.1125,0.15,NaN,NaN
1058.0,0.1125,0.15,NaN,NaN
1059.0,0.1125,0.15,NaN,NaN
1060.0,0.1125,0.15,NaN,NaN
1061.0,0.1125,0.15,NaN,NaN
1062.0,0.1125,0.15,NaN,NaN
1063.0,0.1125,0.15,NaN,NaN
1064.0,0.1125,0.15,NaN,NaN
1065.0,0.1125,0.15,NaN,NaN
1066.0,0.1125,0.15,NaN,NaN
1067.0,0.1125,0.15,NaN,NaN
1068.0,0.1125,0.15,NaN,NaN
1069.0,0.1125,0.15,NaN,NaN
1070.0,0.1125,0.15,NaN,NaN
1071.0,0.1125,0.15,NaN,NaN
1072.0,0.1125,0.15,NaN,NaN
1073.0,0.1125,0.15,NaN,NaN
1074.0,0.1125,0.15,NaN,NaN
1075.0,0.1125,0.15,NaN,NaN
1076.0,0.1125,0.15,NaN,NaN
1077.0,0.1125,0.15,NaN,NaN
1078.0,0.1125,0.15,NaN,NaN
1079.0,0.1125,0.15,NaN,NaN
1080.0,0.1125,0.15,NaN,NaN
1081.0,0.1125,0.15,NaN,NaN
1082.0,0.1125,0.15,NaN,NaN
1083.0,0.1125,0.15,NaN,NaN
1084.0,0.1125,0.15,NaN,NaN
1085.0,0.1125,0.15,NaN,NaN
1086.0,0.1125,0.15,NaN,NaN
1087.0,0.1125,0.15,NaN,NaN
1088.0,0.1125,0.15,NaN,NaN
1089.0,0.1125,0.15,NaN,NaN
1090.0,0.1125,0.15,NaN,NaN
1091.0,0.1125,0.15,NaN,NaN
1092.0,0.1125,0.15,NaN,NaN
1093.0,0.1125,0.15,NaN,NaN
1094.0,0.1125,0.15,NaN,NaN
1095.0,0.1125,0.15,NaN,NaN
1096.0,0.1125,0.15,NaN,NaN
1097.0,0.1125,0.15,NaN,NaN
1098.0,0.1125,0.15,NaN,NaN
1099.0,0.1125,0.15,NaN,NaN
1100.0,0.1125,0.15,NaN,NaN
1101.0,0.1125,0.15,NaN,NaN
1102.0,0.1125,0.15,NaN,NaN
1103.0,0.1125,0.15,NaN,NaN
1104.0,0.1125,0.15,NaN,NaN
1105.0,0.1125,0.15,NaN,NaN
1106.0,0.1125,0.15,NaN,NaN
1107.0,0.1125,0.15,NaN,NaN
1108.0,0.1125,0.15,NaN,NaN
1109.0,0.1125,0.15,NaN,NaN
1110.0,0.1125,0.15,NaN,NaN
1111.0,0.1125,0.15,NaN,NaN
1112.0,0.1125,0.15,NaN,NaN
1113.0,0.1125,0.15,NaN,NaN
1114.0,0.1125,0.15,NaN,NaN
1115.0,0.1125,0.15,NaN,NaN
1116.0,0.1125,0.15,NaN,NaN
1117.0,0.1125,0.15,NaN,NaN
1118.0,0.1125,0.15,NaN,NaN
1119.0,0.1125,0.15,NaN,NaN
1120.0,0.1125,0.15,NaN,NaN
1121.0,0.1125,0.15,NaN,NaN
1122.0,0.1125,0.15,NaN,NaN
1123.0,0.1125,0.15,NaN,NaN
1124.0,0.1125,0.15,NaN,NaN
1125.0,0.1125,0.15,NaN,NaN
1126.0,0.1125,0.15,NaN,NaN
1127.0,0.1125,0.15,NaN,NaN
1128.0,0.1125,0.15,NaN,NaN
1129.0,0.1125,0.15,NaN,NaN
1130.0,0.1125,0.15,NaN,NaN
1131.0,0.1125,0.15,NaN,NaN
1132.0,0.1125,0.15,NaN,NaN
1133.0,0.1125,0.15,NaN,NaN
1134.0,0.1125,0.15,NaN,NaN
1135.0,0.1125,0.15,NaN,NaN
1136.0,0.1125,0.15,NaN,NaN
1137.0,0.1125,0.15,NaN,NaN
1138.0,0.1125,0.15,NaN,NaN
1139.0,0.1125,0.15,NaN,NaN
1140.0,0.1125,0.15,NaN,NaN
1141.0,0.1125,0.15,NaN,NaN
1142.0,0.1125,0.15,NaN,NaN
1143.0,0.1125,0.15,NaN,NaN
1144.0,0.1125,0.15,NaN,NaN
1145.0,0.1125,0.15,NaN,NaN
1146.0,0.1125,0.15,NaN,NaN
1147.0,0.1125,0.15,NaN,NaN
1148.0,0.1125,0.15,NaN,NaN
1149.0,0.1125,0.15,NaN,NaN
1150.0,0.1125,0.15,NaN,NaN
1151.0,0.1125,0.15,NaN,NaN
1152.0,0.1125,0.15,NaN,NaN
1153.0,0.1125,0.15,NaN,NaN
1154.0,0.1125,0.15,NaN,NaN
1155.0,0.1125,0.15,NaN,NaN
1156.0,0.1125,0.15,NaN,NaN
1157.0,0.1125,0.15,NaN,NaN
1158.0,0.1125,0.15,NaN,NaN
1159.0,0.1125,0.15,NaN,NaN
1160.0,0.1125,0.15,NaN,NaN
1161.0,0.1125,0.15,NaN,NaN
1162.0,0.1125,0.15,NaN,NaN
1163.0,0.1125,0.15,NaN,NaN
1164.0,0.1125,0.15,NaN,NaN
1165.0,0.1125,0.15,NaN,NaN
1166.0,0.1125,0.15,NaN,NaN
1167.0,0.1125,0.15,NaN,NaN
1168.0,0.1125,0.15,NaN,NaN
1169.0,0.1125,0.15,NaN,NaN
1170.0,0.1125,0.15,NaN,NaN
1171.0,0.1125,0.15,NaN,NaN
1172.0,0.1125,0.15,NaN,NaN
1173.0,0.1125,0.15,NaN,NaN
1174.0,0.1125,0.15,NaN,NaN
1175.0,0.1125,0.15,NaN,NaN
1176.0,0.1125,0.15,NaN,NaN
1177.0,0.1125,0.15,NaN,NaN
1178.0,0.1125,0.15,NaN,NaN
1179.0,0.1125,0.15,NaN,NaN
1180.0,0.1125,0.15,NaN,NaN
1181.0,0.1125,0.15,NaN,NaN
1182.0,0.1125,0.15,NaN,NaN
1183.0,0.1125,0.15,NaN,NaN
1184.0,0.1125,0.15,NaN,NaN
1185.0,0.1125,0.15,NaN,NaN
1186.0,0.1125,0.15,NaN,NaN
1187.0,0.1125,0.15,NaN,NaN
1188.0,0.1125,0.15,NaN,NaN
1189.0,0.1125,0.15,NaN,NaN
1190.0,0.1125,0.15,NaN,NaN
1191.0,0.1125,0.15,NaN,NaN
1192.0,0.1125,0.15,NaN,NaN
1193.0,0.1125,0.15,NaN,NaN
1194.0,0.1125,0.15,NaN,NaN
1195.0,0.1125,0.15,NaN,NaN
1196.0,0.1125,0.15,NaN,NaN
1197.0,0.1125,0.15,NaN,NaN
1198.0,0.1125,0.15,NaN,NaN
1199.0,0.1125,0.15,NaN,NaN
1200.0,0.1125,0.15,NaN,NaN
1201.0,0.1125,0.15,NaN,NaN
1202.0,0.1125,0.15,NaN,NaN
1203.0,0.1125,0.15,NaN,NaN
1204.0,0.1125,0.15,NaN,NaN
1205.0,0.1125,0.15,NaN,NaN
1206.0,0.1125,0.15,NaN,NaN
1207.0,0.1125,0.15,NaN,NaN
1208.0,0.1125,0.15,NaN,NaN
1209.0,0.1125,0.15,NaN,NaN
1210.0,0.1125,0.15,NaN,NaN
1211.0,0.1125,0.15,NaN,NaN
1212.0,0.1125,0.15,NaN,NaN
1213.0,0.1125,0.15,NaN,NaN
1214.0,0.1125,0.15,NaN,NaN
1215.0,0.1125,0.15,NaN,NaN
1216.0,0.1125,0.15,NaN,NaN
1217.0,0.1125,0.15,NaN,NaN
1218.0,0.1125,0.15,NaN,NaN
1219.0,0.1125,0.15,NaN,NaN
1220.0,0.1125,0.15,NaN,NaN
1221.0,0.1125,0.15,NaN,NaN
1222.0,0.1125,0.15,NaN,NaN
1223.0,0.1125,0.15,NaN,NaN
1224.0,0.1125,0.15,NaN,NaN
1225.0,0.1125,0.175,NaN,NaN
1226.0,0.1125,0.175,NaN,NaN
1227.0,0.1125,0.175,NaN,NaN
1228.0,0.1125,0.175,NaN,NaN
1229.0,0.1125,0.175,NaN,NaN
1230.0,0.1125,0.175,NaN,NaN
1231.0,0.1125,0.175,NaN,NaN
1232.0,0.1125,0.175,NaN,NaN
1233.0,0.1125,0.175,NaN,NaN
1234.0,0.1125,0.175,NaN,NaN
1235.0,0.1125,0.175,NaN,NaN
1236.0,0.1125,0.175,NaN,NaN
1237.0,0.1125,0.175,NaN,NaN
1238.0,0.1125,0.175,NaN,NaN
1239.0,0.1125,0.175,NaN,NaN
1240.0,0.1125,0.175,NaN,NaN
1241.0,0.1125,0.175,NaN,NaN
1242.0,0.1125,0.175,NaN,NaN
1243.0,0.1125,0.175,NaN,NaN
1244.0,0.1125,0.175,NaN,NaN
1245.0,0.1125,0.175,NaN,NaN
1246.0,0.1125,0.175,NaN,NaN
1247.0,0.1125,0.175,NaN,NaN
1248.0,0.1125,0.175,NaN,NaN
1249.0,0.1125,0.175,NaN,NaN
1250.0,0.1125,0.175,NaN,NaN
1251.0,0.1125,0.175,NaN,NaN
1252.0,0.1125,0.175,NaN,NaN
1253.0,0.1125,0.175,NaN,NaN
1254.0,0.1125,0.175,NaN,NaN
1255.0,0.1125,0.175,NaN,NaN
1256.0,0.1125,0.175,NaN,NaN
1257.0,0.1125,0.175,NaN,NaN
1258.0,0.1125,0.175,NaN,NaN
1259.0,0.1125,0.175,NaN,NaN
1260.0,0.1125,0.175,NaN,NaN
1261.0,0.1125,0.175,NaN,NaN
1262.0,0.1125,0.175,NaN,NaN
1263.0,0.1125,0.175,NaN,NaN
1264.0,0.1125,0.175,NaN,NaN
1265.0,0.1125,0.175,NaN,NaN
1266.0,0.1125,0.175,NaN,NaN
1267.0,0.1125,0.175,NaN,NaN
1268.0,0.1125,0.175,NaN,NaN
1269.0,0.1125,0.175,NaN,NaN
1270.0,0.1125,0.175,NaN,NaN
1271.0,0.1125,0.175,NaN,NaN
1272.0,0.1125,0.175,NaN,NaN
1273.0,0.1125,0.175,NaN,NaN
1274.0,0.1125,0.175,NaN,NaN
1275.0,0.1125,0.175,NaN,NaN
1276.0,0.1125,0.175,NaN,NaN
1277.0,0.1125,0.175,NaN,NaN
1278.0,0.1125,0.175,NaN,NaN
1279.0,0.1125,0.175,NaN,NaN
1280.0,0.1125,0.175,NaN,NaN
1281.0,0.1125,0.175,NaN,NaN
1282.0,0.1125,0.175,NaN,NaN
1283.0,0.1125,0.175,NaN,NaN
1284.0,0.1125,0.175,NaN,NaN
1285.0,0.1125,0.175,NaN,NaN
1286.0,0.1125,0.175,NaN,NaN
1287.0,0.1125,0.175,NaN,NaN
1288.0,0.1125,0.175,NaN,NaN
1289.0,0.1125,0.175,NaN,NaN
1290.0,0.1125,0.175,NaN,NaN
1291.0,0.1125,0.175,NaN,NaN
1292.0,0.1125,0.175,NaN,NaN
1293.0,0.1125,0.2,NaN,NaN
1294.0,0.1125,0.2,NaN,NaN
1295.0,0.1125,0.2,NaN,NaN
1296.0,0.1125,0.2,NaN,NaN
1297.0,0.1125,0.2,NaN,NaN
1298.0,0.1125,0.2,NaN,NaN
1299.0,0.1125,0.2,NaN,NaN
1300.0,0.1125,0.2,NaN,NaN
1301.0,0.1125,0.2,NaN,NaN
1302.0,0.1125,0.2,NaN,NaN
1303.0,0.1125,0.2,NaN,NaN
1304.0,0.1125,0.2,NaN,NaN
1305.0,0.1125,0.2,NaN,NaN
1306.0,0.1125,0.2,NaN,NaN
1307.0,0.1125,0.2,NaN,NaN
1308.0,0.1125,0.2,NaN,NaN
1309.0,0.1125,0.2,NaN,NaN
1310.0,0.1125,0.2,NaN,NaN
1311.0,0.1125,0.2,NaN,NaN
1312.0,0.1125,0.2,NaN,NaN
1313.0,0.1125,0.2,NaN,NaN
1314.0,0.1125,0.2,NaN,NaN
1315.0,0.1125,0.2,NaN,NaN
1316.0,0.1125,0.2,NaN,NaN
1317.0,0.1125,0.2,NaN,NaN
1318.0,0.1125,0.2,NaN,NaN
1319.0,0.1125,0.2,NaN,NaN
1320.0,0.1125,0.2,NaN,NaN
1321.0,0.1125,0.2,NaN,NaN
1322.0,0.1125,0.2,NaN,NaN
1323.0,0.1125,0.2,NaN,NaN
1324.0,0.1125,0.2,NaN,NaN
1325.0,0.1125,0.2,NaN,NaN
1326.0,0.1125,0.2,NaN,NaN
1327.0,0.1125,0.2,NaN,NaN
1328.0,0.1125,0.2,NaN,NaN
1329.0,0.1125,0.2,NaN,NaN
1330.0,0.1125,0.2,NaN,NaN
1331.0,0.1125,0.2,NaN,NaN
1332.0,0.1125,0.2,NaN,NaN
1333.0,0.1125,0.2,NaN,NaN
1334.0,0.1125,0.2,NaN,NaN
1335.0,0.1125,0.2,NaN,NaN
1336.0,0.1125,0.2,NaN,NaN
1337.0,0.1125,0.2,NaN,NaN
1338.0,0.1125,0.2,NaN,NaN
1339.0,0.1125,0.2,NaN,NaN
1340.0,0.1125,0.2,NaN,NaN
1341.0,0.1125,0.2,NaN,NaN
1342.0,0.15,0.175,NaN,NaN
1343.0,0.15,0.175,NaN,NaN
1344.0,0.15,0.175,NaN,NaN
1345.0,0.15,0.175,NaN,NaN
1346.0,0.15,0.175,NaN,NaN
1347.0,0.15,0.175,NaN,NaN
1348.0,0.15,0.175,NaN,NaN
1349.0,0.15,0.175,NaN,NaN
1350.0,0.15,0.175,NaN,NaN
1351.0,0.15,0.175,NaN,NaN
1352.0,0.15,0.175,NaN,NaN
1353.0,0.15,0.175,NaN,NaN
1354.0,0.15,0.175,NaN,NaN
1355.0,0.15,0.175,NaN,NaN
1356.0,0.15,0.175,NaN,NaN
1357.0,0.15,0.175,NaN,NaN
1358.0,0.15,0.175,NaN,NaN
1359.0,0.15,0.175,NaN,NaN
1360.0,0.15,0.175,NaN,NaN
1361.0,0.15,0.175,NaN,NaN
1362.0,0.15,0.175,NaN,NaN
1363.0,0.15,0.175,NaN,NaN
1364.0,0.15,0.175,NaN,NaN
1365.0,0.15,0.175,NaN,NaN
1366.0,0.15,0.175,NaN,NaN
1367.0,0.15,0.175,NaN,NaN
1368.0,0.15,0.175,NaN,NaN
1369.0,0.15,0.175,NaN,NaN
1370.0,0.15,0.175,NaN,NaN
1371.0,0.15,0.175,NaN,NaN
1372.0,0.15,0.175,NaN,NaN
1373.0,0.15,0.175,NaN,NaN
1374.0,0.15,0.175,NaN,NaN
1375.0,0.15,0.175,NaN,NaN
1376.0,0.15,0.175,NaN,NaN
1377.0,0.15,0.175,NaN,NaN
1378.0,0.15,0.175,NaN,NaN
1379.0,0.15,0.175,NaN,NaN
1380.0,0.15,0.175,NaN,NaN
1381.0,0.15,0.175,NaN,NaN
1382.0,0.15,0.175,NaN,NaN
1383.0,0.15,0.175,NaN,NaN
1384.0,0.15,0.175,NaN,NaN
1385.0,0.15,0.175,NaN,NaN
1386.0,0.15,0.175,NaN,NaN
1387.0,0.15,0.175,NaN,NaN
1388.0,0.15,0.175,NaN,NaN
1389.0,0.15,0.175,NaN,NaN
1390.0,0.15,0.175,NaN,NaN
1391.0,0.15,0.175,NaN,NaN
1392.0,0.15,0.175,NaN,NaN
1393.0,0.15,0.175,NaN,NaN
1394.0,0.15,0.175,NaN,NaN
1395.0,0.15,0.175,NaN,NaN
1396.0,0.15,0.175,NaN,NaN
1397.0,0.15,0.175,NaN,NaN
1398.0,0.15,0.175,NaN,NaN
1399.0,0.15,0.175,NaN,NaN
1400.0,0.15,0.175,NaN,NaN
1401.0,0.15,0.175,NaN,NaN
1402.0,0.15,0.175,NaN,NaN
1403.0,0.15,0.175,NaN,NaN
1404.0,0.15,0.175,NaN,NaN
1405.0,0.15,0.175,NaN,NaN
1406.0,0.15,0.175,NaN,NaN
1407.0,0.15,0.175,NaN,NaN
1408.0,0.15,0.175,NaN,NaN
1409.0,0.15,0.175,NaN,NaN
1410.0,0.15,0.175,NaN,NaN
1411.0,0.15,0.175,NaN,NaN
1412.0,0.15,0.175,NaN,NaN
1413.0,0.15,0.175,NaN,NaN
1414.0,0.15,0.175,NaN,NaN
1415.0,0.15,0.175,NaN,NaN
1416.0,0.15,0.175,NaN,NaN
1417.0,0.15,0.175,NaN,NaN
1418.0,0.15,0.175,NaN,NaN
1419.0,0.15,0.175,NaN,NaN
1420.0,0.15,0.175,NaN,NaN
1421.0,0.15,0.175,NaN,NaN
1422.0,0.15,0.175,NaN,NaN
1423.0,0.15,0.175,NaN,NaN
1424.0,0.15,0.175,NaN,NaN
1425.0,0.15,0.175,NaN,NaN
1426.0,0.15,0.175,NaN,NaN
1427.0,0.15,0.175,NaN,NaN
1428.0,0.15,0.175,NaN,NaN
1429.0,0.15,0.175,NaN,NaN
1430.0,0.15,0.175,NaN,NaN
1431.0,0.15,0.175,NaN,NaN
1432.0,0.15,0.175,NaN,NaN
1433.0,0.15,0.175,NaN,NaN
1434.0,0.15,0.175,NaN,NaN
1435.0,0.15,0.175,NaN,NaN
1436.0,0.15,0.175,NaN,NaN
1437.0,0.15,0.175,NaN,NaN
1438.0,0.15,0.175,NaN,NaN
1439.0,0.15,0.175,NaN,NaN
1440.0,0.15,0.175,NaN,NaN
1441.0,0.15,0.175,NaN,NaN
1442.0,0.15,0.175,NaN,NaN
1443.0,0.15,0.175,NaN,NaN
1444.0,0.15,0.175,NaN,NaN
1445.0,0.15,0.175,NaN,NaN
1446.0,0.15,0.175,NaN,NaN
1447.0,0.15,0.175,NaN,NaN
1448.0,0.15,0.175,NaN,NaN
1449.0,0.15,0.175,NaN,NaN
1450.0,0.15,0.175,NaN,NaN
1451.0,0.15,0.175,NaN,NaN
1452.0,0.15,0.175,NaN,NaN
1453.0,0.15,0.175,NaN,NaN
1454.0,0.15,0.175,NaN,NaN
1455.0,0.15,0.175,NaN,NaN
1456.0,0.15,0.175,NaN,NaN
1457.0,0.15,0.175,NaN,NaN
1458.0,0.15,0.175,NaN,NaN
1459.0,0.15,0.175,NaN,NaN
1460.0,0.15,0.175,NaN,NaN
1461.0,0.15,0.175,NaN,NaN
1462.0,0.15,0.175,NaN,NaN
1463.0,0.15,0.175,NaN,NaN
1464.0,0.15,0.175,NaN,NaN
1465.0,0.15,0.175,NaN,NaN
1466.0,0.15,0.175,NaN,NaN
1467.0,0.15,0.175,NaN,NaN
1468.0,0.15,0.175,NaN,NaN
1469.0,0.15,0.175,NaN,NaN
1470.0,0.15,0.175,NaN,NaN
1471.0,0.15,0.175,NaN,NaN
1472.0,0.15,0.175,NaN,NaN
1473.0,0.15,0.175,NaN,NaN
1474.0,0.15,0.175,NaN,NaN
1475.0,0.15,0.175,NaN,NaN
1476.0,0.15,0.175,NaN,NaN
1477.0,0.15,0.175,NaN,NaN
1478.0,0.15,0.175,NaN,NaN
1479.0,0.15,0.175,NaN,NaN
1480.0,0.15,0.175,NaN,NaN
1481.0,0.15,0.175,NaN,NaN
1482.0,0.15,0.175,NaN,NaN
1483.0,0.15,0.175,NaN,NaN
1484.0,0.15,0.175,NaN,NaN
1485.0,0.15,0.175,NaN,NaN
1486.0,0.15,0.175,NaN,NaN
1487.0,0.15,0.175,NaN,NaN
1488.0,0.15,0.175,NaN,NaN
1489.0,0.15,0.175,NaN,NaN
1490.0,0.15,0.175,NaN,NaN
1491.0,0.15,0.175,NaN,NaN
1492.0,0.15,0.175,NaN,NaN
1493.0,0.15,0.175,NaN,NaN
1494.0,0.15,0.175,NaN,NaN
1495.0,0.15,0.175,NaN,NaN
1496.0,0.15,0.175,NaN,NaN
1497.0,0.15,0.175,NaN,NaN
1498.0,0.15,0.175,NaN,NaN
1499.0,0.15,0.175,NaN,NaN
1500.0,0.15,0.175,NaN,NaN
1501.0,0.15,0.175,NaN,NaN
1502.0,0.15,0.175,NaN,NaN
1503.0,0.15,0.175,NaN,NaN
1504.0,0.15,0.175,NaN,NaN
1505.0,0.15,0.175,NaN,NaN
1506.0,0.15,0.175,NaN,NaN
1507.0,0.15,0.175,NaN,NaN
1508.0,0.15,0.175,NaN,NaN
1509.0,0.15,0.175,NaN,NaN
1510.0,0.15,0.175,NaN,NaN
1511.0,0.15,0.175,NaN,NaN
1512.0,0.15,0.175,NaN,NaN
1513.0,0.15,0.175,NaN,NaN
1514.0,0.15,0.175,NaN,NaN
1515.0,0.15,0.175,NaN,NaN
1516.0,0.15,0.175,NaN,NaN
1517.0,0.15,0.175,NaN,NaN
1518.0,0.15,0.175,NaN,NaN
1519.0,0.15,0.175,NaN,NaN
1520.0,0.15,0.175,NaN,NaN
1521.0,0.15,0.175,NaN,NaN
1522.0,0.15,0.175,NaN,NaN
1523.0,0.15,0.175,NaN,NaN
1524.0,0.15,0.175,NaN,NaN
1525.0,0.15,0.175,NaN,NaN
1526.0,0.15,0.175,NaN,NaN
1527.0,0.15,0.175,NaN,NaN
1528.0,0.15,0.175,NaN,NaN
1529.0,0.15,0.175,NaN,NaN
1530.0,0.15,0.175,NaN,NaN
1531.0,0.15,0.175,NaN,NaN
1532.0,0.15,0.175,NaN,NaN
1533.0,0.15,0.175,NaN,NaN
1534.0,0.15,0.175,NaN,NaN
1535.0,0.15,0.175,NaN,NaN
1536.0,0.15,0.175,NaN,NaN
1537.0,0.15,0.175,NaN,NaN
1538.0,0.15,0.175,NaN,NaN
1539.0,0.15,0.175,NaN,NaN
1540.0,0.15,0.175,NaN,NaN
1541.0,0.15,0.175,NaN,NaN
1542.0,0.15,0.175,NaN,NaN
1543.0,0.15,0.175,NaN,NaN
1544.0,0.15,0.175,NaN,NaN
1545.0,0.15,0.175,NaN,NaN
1546.0,0.15,0.175,NaN,NaN
1547.0,0.15,0.175,NaN,NaN
1548.0,0.15,0.175,NaN,NaN
1549.0,0.15,0.175,NaN,NaN
1550.0,0.15,0.175,NaN,NaN
1551.0,0.15,0.175,NaN,NaN
1552.0,0.15,0.175,NaN,NaN
1553.0,0.15,0.175,NaN,NaN
1554.0,0.15,0.175,NaN,NaN
1555.0,0.15,0.175,NaN,NaN
1556.0,0.15,0.175,NaN,NaN
1557.0,0.15,0.175,NaN,NaN
1558.0,0.15,0.175,NaN,NaN
1559.0,0.15,0.175,NaN,NaN
1560.0,0.15,0.175,NaN,NaN
1561.0,0.15,0.175,NaN,NaN
1562.0,0.15,0.175,NaN,NaN
1563.0,0.15,0.175,NaN,NaN
1564.0,0.15,0.175,NaN,NaN
1565.0,0.15,0.175,NaN,NaN
1566.0,0.15,0.175,NaN,NaN
1567.0,0.15,0.175,NaN,NaN
1568.0,0.15,0.175,NaN,NaN
1569.0,0.15,0.175,NaN,NaN
1570.0,0.15,0.175,NaN,NaN
1571.0,0.15,0.175,NaN,NaN
1572.0,0.15,0.175,NaN,NaN
1573.0,0.15,0.175,NaN,NaN
1574.0,0.15,0.175,NaN,NaN
1575.0,0.15,0.175,NaN,NaN
1576.0,0.15,0.175,NaN,NaN
1577.0,0.15,0.175,NaN,NaN
1578.0,0.15,0.175,NaN,NaN
1579.0,0.15,0.175,NaN,NaN
1580.0,0.15,0.175,NaN,NaN
1581.0,0.15,0.175,NaN,NaN
1582.0,0.15,0.175,NaN,NaN
1583.0,0.15,0.175,NaN,NaN
1584.0,0.15,0.175,NaN,NaN
1585.0,0.15,0.175,NaN,NaN
1586.0,0.15,0.175,NaN,NaN
1587.0,0.15,0.175,NaN,NaN
1588.0,0.15,0.175,NaN,NaN
1589.0,0.15,0.175,NaN,NaN
1590.0,0.15,0.175,NaN,NaN
1591.0,0.15,0.175,NaN,NaN
1592.0,0.15,0.175,NaN,NaN
1593.0,0.15,0.175,NaN,NaN
1594.0,0.15,0.175,NaN,NaN
1595.0,0.15,0.175,NaN,NaN
1596.0,0.15,0.175,NaN,NaN
1597.0,0.15,0.175,NaN,NaN
1598.0,0.15,0.175,NaN,NaN
1599.0,0.15,0.175,NaN,NaN
1600.0,0.15,0.175,NaN,NaN
1601.0,0.15,0.175,NaN,NaN
1602.0,0.15,0.175,NaN,NaN
1603.0,0.15,0.175,NaN,NaN
1604.0,0.15,0.175,NaN,NaN
1605.0,0.15,0.175,NaN,NaN
1606.0,0.15,0.175,NaN,NaN
1607.0,0.15,0.175,NaN,NaN
1608.0,0.15,0.175,NaN,NaN
1609.0,0.15,0.175,NaN,NaN
1610.0,0.15,0.175,NaN,NaN
1611.0,0.15,0.175,NaN,NaN
1612.0,0.15,0.175,NaN,NaN
1613.0,0.15,0.175,NaN,NaN
1614.0,0.15,0.175,NaN,NaN
1615.0,0.15,0.175,NaN,NaN
1616.0,0.15,0.175,NaN,NaN
1617.0,0.15,0.175,NaN,NaN
1618.0,0.15,0.175,NaN,NaN
1619.0,0.15,0.175,NaN,NaN
1620.0,0.15,0.175,NaN,NaN
1621.0,0.15,0.175,NaN,NaN
1622.0,0.15,0.175,NaN,NaN
1623.0,0.15,0.175,NaN,NaN
1624.0,0.15,0.175,NaN,NaN
1625.0,0.15,0.175,NaN,NaN
1626.0,0.15,0.175,NaN,NaN
1627.0,0.15,0.175,NaN,NaN
1628.0,0.15,0.175,NaN,NaN
1629.0,0.15,0.175,NaN,NaN
1630.0,0.15,0.175,NaN,NaN
1631.0,0.15,0.175,NaN,NaN
1632.0,0.15,0.175,NaN,NaN
1633.0,0.15,0.175,NaN,NaN
1634.0,0.15,0.175,NaN,NaN
1635.0,0.15,0.175,NaN,NaN
1636.0,0.15,0.175,NaN,NaN
1637.0,0.15,0.175,NaN,NaN
1638.0,0.15,0.175,NaN,NaN
1639.0,0.15,0.175,NaN,NaN
1640.0,0.15,0.175,NaN,NaN
1641.0,0.15,0.175,NaN,NaN
1642.0,0.15,0.175,NaN,NaN
1643.0,0.15,0.175,NaN,NaN
1644.0,0.15,0.175,NaN,NaN
1645.0,0.15,0.175,NaN,NaN
1646.0,0.15,0.175,NaN,NaN
1647.0,0.15,0.175,NaN,NaN
1648.0,0.15,0.175,NaN,NaN
1649.0,0.15,0.175,NaN,NaN
1650.0,0.15,0.175,NaN,NaN
1651.0,0.15,0.175,NaN,NaN
1652.0,0.15,0.175,NaN,NaN
1653.0,0.15,0.175,NaN,NaN
1654.0,0.15,0.175,NaN,NaN
1655.0,0.15,0.175,NaN,NaN
1656.0,0.15,0.175,NaN,NaN
1657.0,0.15,0.175,NaN,NaN
1658.0,0.15,0.175,NaN,NaN
1659.0,0.15,0.175,NaN,NaN
1660.0,0.15,0.175,NaN,NaN
1661.0,0.15,0.175,NaN,NaN
1662.0,0.15,0.175,NaN,NaN
1663.0,0.15,0.175,NaN,NaN
1664.0,0.15,0.175,NaN,NaN
1665.0,0.15,0.175,NaN,NaN
1666.0,0.15,0.175,NaN,NaN
1667.0,0.15,0.175,NaN,NaN
1668.0,0.15,0.175,NaN,NaN
1669.0,0.15,0.175,NaN,NaN
1670.0,0.15,0.175,NaN,NaN
1671.0,0.15,0.175,NaN,NaN
1672.0,0.15,0.175,NaN,NaN
1673.0,0.15,0.175,NaN,NaN
1674.0,0.15,0.175,NaN,NaN
1675.0,0.15,0.175,NaN,NaN
1676.0,0.15,0.175,NaN,NaN
1677.0,0.15,0.175,NaN,NaN
1678.0,0.15,0.175,NaN,NaN
1679.0,0.15,0.175,NaN,NaN
1680.0,0.15,0.175,NaN,NaN
1681.0,0.15,0.175,NaN,NaN
1682.0,0.15,0.175,NaN,NaN
1683.0,0.15,0.175,NaN,NaN
1684.0,0.15,0.175,NaN,NaN
1685.0,0.15,0.175,NaN,NaN
1686.0,0.15,0.175,NaN,NaN
1687.0,0.15,0.175,NaN,NaN
1688.0,0.15,0.175,NaN,NaN
1689.0,0.15,0.175,NaN,NaN
1690.0,0.15,0.175,NaN,NaN
1691.0,0.15,0.175,NaN,NaN
1692.0,0.15,0.175,NaN,NaN
1693.0,0.15,0.175,NaN,NaN
1694.0,0.15,0.175,NaN,NaN
1695.0,0.15,0.175,NaN,NaN
1696.0,0.15,0.175,NaN,NaN
1697.0,0.15,0.175,NaN,NaN
1698.0,0.15,0.175,NaN,NaN
1699.0,0.15,0.175,NaN,NaN
1700.0,0.15,0.175,NaN,NaN
1701.0,0.15,0.175,NaN,NaN
1702.0,0.15,0.175,NaN,NaN
1703.0,0.15,0.175,NaN,NaN
1704.0,0.15,0.175,NaN,NaN
1705.0,0.15,0.175,NaN,NaN
1706.0,0.15,0.175,NaN,NaN
1707.0,0.15,0.175,NaN,NaN
1708.0,0.15,0.175,NaN,NaN
1709.0,0.15,0.175,NaN,NaN
1710.0,0.15,0.175,NaN,NaN
1711.0,0.15,0.175,NaN,NaN
1712.0,0.15,0.175,NaN,NaN
1713.0,0.15,0.175,NaN,NaN
1714.0,0.15,0.175,NaN,NaN
1715.0,0.15,0.175,NaN,NaN
1716.0,0.15,0.175,NaN,NaN
1717.0,0.15,0.175,NaN,NaN
1718.0,0.15,0.175,NaN,NaN
1719.0,0.15,0.175,NaN,NaN
1720.0,0.15,0.175,NaN,NaN
1721.0,0.15,0.175,NaN,NaN
1722.0,0.15,0.175,NaN,NaN
1723.0,0.15,0.175,NaN,NaN
1724.0,0.15,0.175,NaN,NaN
1725.0,0.15,0.175,NaN,NaN
1726.0,0.15,0.175,NaN,NaN
1727.0,0.15,0.175,NaN,NaN
1728.0,0.15,0.175,NaN,NaN
1729.0,0.15,0.175,NaN,NaN
1730.0,0.15,0.175,NaN,NaN
1731.0,0.15,0.175,NaN,NaN
1732.0,0.15,0.175,NaN,NaN
1733.0,0.15,0.175,NaN,NaN
1734.0,0.15,0.175,NaN,NaN
1735.0,0.15,0.175,NaN,NaN
1736.0,0.15,0.175,NaN,NaN
1737.0,0.15,0.175,NaN,NaN
1738.0,0.15,0.175,NaN,NaN
1739.0,0.15,0.175,NaN,NaN
1740.0,0.15,0.175,NaN,NaN
1741.0,0.15,0.175,NaN,NaN
1742.0,0.15,0.175,NaN,NaN
1743.0,0.15,0.175,NaN,NaN
1744.0,0.15,0.175,NaN,NaN
1745.0,0.15,0.175,NaN,NaN
1746.0,0.15,0.175,NaN,NaN
1747.0,0.15,0.175,NaN,NaN
1748.0,0.15,0.175,NaN,NaN
1749.0,0.15,0.175,NaN,NaN
1750.0,0.15,0.175,NaN,NaN
1751.0,0.15,0.175,NaN,NaN
1752.0,0.15,0.175,NaN,NaN
1753.0,0.15,0.175,NaN,NaN
1754.0,0.15,0.175,NaN,NaN
1755.0,0.15,0.175,NaN,NaN
1756.0,0.15,0.175,NaN,NaN
1757.0,0.15,0.175,NaN,NaN
1758.0,0.15,0.175,NaN,NaN
1759.0,0.15,0.175,NaN,NaN
1760.0,0.15,0.175,NaN,NaN
1761.0,0.15,0.175,NaN,NaN
1762.0,0.15,0.175,NaN,NaN
1763.0,0.15,0.175,NaN,NaN
1764.0,0.15,0.175,NaN,NaN
1765.0,0.15,0.175,NaN,NaN
1766.0,0.15,0.175,NaN,NaN
1767.0,0.15,0.175,NaN,NaN
1768.0,0.15,0.175,NaN,NaN
1769.0,0.15,0.175,NaN,NaN
1770.0,0.15,0.175,NaN,NaN
1771.0,0.15,0.175,NaN,NaN
1772.0,0.15,0.175,NaN,NaN
1773.0,0.15,0.175,NaN,NaN
1774.0,0.15,0.175,NaN,NaN
1775.0,0.15,0.175,NaN,NaN
1776.0,0.15,0.175,NaN,NaN
1777.0,0.15,0.175,NaN,NaN
1778.0,0.15,0.175,NaN,NaN
1779.0,0.15,0.175,NaN,NaN
1780.0,0.15,0.175,NaN,NaN
1781.0,0.15,0.175,NaN,NaN
1782.0,0.15,0.175,NaN,NaN
1783.0,0.15,0.175,NaN,NaN
1784.0,0.15,0.175,NaN,NaN
1785.0,0.15,0.175,NaN,NaN
1786.0,0.15,0.175,NaN,NaN
1787.0,0.15,0.175,NaN,NaN
1788.0,0.15,0.175,NaN,NaN
1789.0,0.15,0.175,NaN,NaN
1790.0,0.15,0.175,NaN,NaN
1791.0,0.15,0.175,NaN,NaN
1792.0,0.15,0.175,NaN,NaN
1793.0,0.15,0.175,NaN,NaN
1794.0,0.15,0.175,NaN,NaN
1795.0,0.15,0.175,NaN,NaN
1796.0,0.15,0.175,NaN,NaN
1797.0,0.15,0.175,NaN,NaN
1798.0,0.15,0.175,NaN,NaN
1799.0,0.15,0.175,NaN,NaN
1800.0,0.15,0.175,NaN,NaN
1801.0,0.15,0.175,NaN,NaN
1802.0,0.15,0.175,NaN,NaN
1803.0,0.15,0.175,NaN,NaN
1804.0,0.15,0.175,NaN,NaN
1805.0,0.15,0.175,NaN,NaN
1806.0,0.15,0.175,NaN,NaN
1807.0,0.15,0.175,NaN,NaN
1808.0,0.15,0.175,NaN,NaN
1809.0,0.15,0.175,NaN,NaN
1810.0,0.15,0.175,NaN,NaN
1811.0,0.15,0.175,NaN,NaN
1812.0,0.15,0.175,NaN,NaN
1813.0,0.15,0.175,NaN,NaN
1814.0,0.15,0.175,NaN,NaN
1815.0,0.15,0.175,NaN,NaN
1816.0,0.15,0.175,NaN,NaN
1817.0,0.15,0.175,NaN,NaN
1818.0,0.15,0.175,NaN,NaN
1819.0,0.15,0.175,NaN,NaN
1820.0,0.15,0.175,NaN,NaN
1821.0,0.15,0.175,NaN,NaN
1822.0,0.15,0.175,NaN,NaN
1823.0,0.15,0.175,NaN,NaN
1824.0,0.15,0.175,NaN,NaN
1825.0,0.15,0.175,NaN,NaN
1826.0,0.15,0.175,NaN,NaN
1827.0,0.15,0.175,NaN,NaN
1828.0,0.15,0.175,NaN,NaN
1829.0,0.15,0.175,NaN,NaN
1830.0,0.15,0.175,NaN,NaN
1831.0,0.15,0.175,NaN,NaN
1832.0,0.15,0.175,NaN,NaN
1833.0,0.15,0.175,NaN,NaN
1834.0,0.15,0.175,NaN,NaN
1835.0,0.15,0.175,NaN,NaN
1836.0,0.15,0.175,NaN,NaN
1837.0,0.15,0.175,NaN,NaN
1838.0,0.15,0.175,NaN,NaN
1839.0,0.15,0.175,NaN,NaN
1840.0,0.15,0.175,NaN,NaN
1841.0,0.15,0.175,NaN,NaN
1842.0,0.15,0.175,NaN,NaN
1843.0,0.15,0.175,NaN,NaN
1844.0,0.15,0.175,NaN,NaN
1845.0,0.15,0.175,NaN,NaN
1846.0,0.15,0.175,NaN,NaN
1847.0,0.15,0.175,NaN,NaN
1848.0,0.15,0.175,NaN,NaN
1849.0,0.15,0.175,NaN,NaN
1850.0,0.15,0.175,NaN,NaN
1851.0,0.15,0.175,NaN,NaN
1852.0,0.15,0.175,NaN,NaN
1853.0,0.15,0.175,NaN,NaN
1854.0,0.15,0.175,NaN,NaN
1855.0,0.15,0.175,NaN,NaN
1856.0,0.15,0.175,NaN,NaN
1857.0,0.15,0.175,NaN,NaN
1858.0,0.15,0.175,NaN,NaN
1859.0,0.15,0.175,NaN,NaN
1860.0,0.15,0.175,NaN,NaN
1861.0,0.15,0.175,NaN,NaN
1862.0,0.15,0.175,NaN,NaN
1863.0,0.15,0.175,NaN,NaN
1864.0,0.15,0.175,NaN,NaN
1865.0,0.15,0.175,NaN,NaN
1866.0,0.15,0.175,NaN,NaN
1867.0,0.15,0.175,NaN,NaN
1868.0,0.15,0.175,NaN,NaN
1869.0,0.15,0.175,NaN,NaN
1870.0,0.15,0.175,NaN,NaN
1871.0,0.15,0.175,NaN,NaN
1872.0,0.15,0.175,NaN,NaN
1873.0,0.15,0.175,NaN,NaN
1874.0,0.15,0.175,NaN,NaN
1875.0,0.15,0.175,NaN,NaN
1876.0,0.15,0.175,NaN,NaN
1877.0,0.15,0.175,NaN,NaN
1878.0,0.15,0.175,NaN,NaN
1879.0,0.15,0.175,NaN,NaN
1880.0,0.15,0.175,NaN,NaN
1881.0,0.15,0.175,NaN,NaN
1882.0,0.15,0.175,NaN,NaN
1883.0,0.15,0.175,NaN,NaN
1884.0,0.15,0.175,NaN,NaN
1885.0,0.15,0.175,NaN,NaN
1886.0,0.15,0.175,NaN,NaN
1887.0,0.15,0.175,NaN,NaN
1888.0,0.15,0.175,NaN,NaN
1889.0,0.15,0.175,NaN,NaN
1890.0,0.15,0.175,NaN,NaN
1891.0,0.15,0.175,NaN,NaN
1892.0,0.15,0.175,NaN,NaN
1893.0,0.15,0.175,NaN,NaN
1894.0,0.15,0.175,NaN,NaN
1895.0,0.15,0.175,NaN,NaN
1896.0,0.15,0.175,NaN,NaN
1897.0,0.15,0.175,NaN,NaN
1898.0,0.15,0.175,NaN,NaN
1899.0,0.15,0.175,NaN,NaN
1900.0,0.15,0.175,NaN,NaN
1901.0,0.15,0.175,NaN,NaN
1902.0,0.15,0.175,NaN,NaN
1903.0,0.15,0.175,NaN,NaN
1904.0,0.15,0.175,NaN,NaN
1905.0,0.15,0.175,NaN,NaN
1906.0,0.15,0.175,NaN,NaN
1907.0,0.15,0.175,NaN,NaN
1908.0,0.15,0.175,NaN,NaN
1909.0,0.15,0.175,NaN,NaN
1910.0,0.15,0.175,NaN,NaN
1911.0,0.15,0.175,NaN,NaN
1912.0,0.15,0.175,NaN,NaN
1913.0,0.15,0.175,NaN,NaN
1914.0,0.15,0.175,NaN,NaN
1915.0,0.15,0.175,NaN,NaN
1916.0,0.15,0.175,NaN,NaN
1917.0,0.15,0.175,NaN,NaN
1918.0,0.15,0.175,NaN,NaN
1919.0,0.15,0.175,NaN,NaN
1920.0,0.15,0.175,NaN,NaN
1921.0,0.1875,0.15,NaN,NaN
1922.0,0.1875,0.15,NaN,NaN
1923.0,0.1875,0.15,NaN,NaN
1924.0,0.1875,0.15,NaN,NaN
1925.0,0.1875,0.15,NaN,NaN
1926.0,0.1875,0.15,NaN,NaN
1927.0,0.1875,0.15,NaN,NaN
1928.0,0.1875,0.15,NaN,NaN
1929.0,0.1875,0.15,NaN,NaN
1930.0,0.1875,0.15,NaN,NaN
1931.0,0.1875,0.15,NaN,NaN
1932.0,0.1875,0.15,NaN,NaN
1933.0,0.1875,0.15,NaN,NaN
1934.0,0.1875,0.15,NaN,NaN
1935.0,0.1875,0.15,NaN,NaN
1936.0,0.1875,0.15,NaN,NaN
1937.0,0.1875,0.15,NaN,NaN
1938.0,0.1875,0.15,NaN,NaN
1939.0,0.1875,0.15,NaN,NaN
1940.0,0.1875,0.15,NaN,NaN
1941.0,0.1875,0.15,NaN,NaN
1942.0,0.1875,0.15,NaN,NaN
1943.0,0.1875,0.15,NaN,NaN
1944.0,0.1875,0.15,NaN,NaN
1945.0,0.1875,0.15,NaN,NaN
1946.0,0.1875,0.15,NaN,NaN
1947.0,0.1875,0.15,NaN,NaN
1948.0,0.1875,0.15,NaN,NaN
1949.0,0.1875,0.15,NaN,NaN
1950.0,0.1875,0.15,NaN,NaN
1951.0,0.1875,0.15,NaN,NaN
1952.0,0.1875,0.15,NaN,NaN
1953.0,0.1875,0.15,NaN,NaN
1954.0,0.1875,0.15,NaN,NaN
1955.0,0.1875,0.15,NaN,NaN
1956.0,0.1875,0.15,NaN,NaN
1957.0,0.1875,0.15,NaN,NaN
1958.0,0.1875,0.15,NaN,NaN
1959.0,0.1875,0.15,NaN,NaN
1960.0,0.1875,0.15,NaN,NaN
1961.0,0.1875,0.15,NaN,NaN
1962.0,0.1875,0.15,NaN,NaN
1963.0,0.1875,0.175,NaN,NaN
1964.0,0.1875,0.175,NaN,NaN
1965.0,0.1875,0.175,NaN,NaN
1966.0,0.1875,0.175,NaN,NaN
1967.0,0.1875,0.175,NaN,NaN
1968.0,0.1875,0.175,NaN,NaN
1969.0,0.1875,0.175,NaN,NaN
1970.0,0.1875,0.175,NaN,NaN
1971.0,0.1875,0.175,NaN,NaN
1972.0,0.1875,0.175,NaN,NaN
1973.0,0.1875,0.175,NaN,NaN
1974.0,0.1875,0.175,NaN,NaN
1975.0,0.1875,0.175,NaN,NaN
1976.0,0.1875,0.175,NaN,NaN
1977.0,0.1875,0.175,NaN,NaN
1978.0,0.1875,0.175,NaN,NaN
1979.0,0.1875,0.175,NaN,NaN
1980.0,0.1875,0.175,NaN,NaN
1981.0,0.1875,0.175,NaN,NaN
1982.0,0.1875,0.175,NaN,NaN
1983.0,0.1875,0.175,NaN,NaN
1984.0,0.1875,0.175,NaN,NaN
1985.0,0.1875,0.175,NaN,NaN
1986.0,0.225,0.15,NaN,NaN
1987.0,0.225,0.15,NaN,NaN
1988.0,0.225,0.15,NaN,NaN
1989.0,0.225,0.15,NaN,NaN
1990.0,0.225,0.15,NaN,NaN
1991.0,0.225,0.15,NaN,NaN
1992.0,0.225,0.15,NaN,NaN
1993.0,0.225,0.15,NaN,NaN
1994.0,0.225,0.15,NaN,NaN
1995.0,0.225,0.15,NaN,NaN
1996.0,0.225,0.15,NaN,NaN
1997.0,0.225,0.15,NaN,NaN
1998.0,0.225,0.15,NaN,NaN
1999.0,0.225,0.15,NaN,NaN
2000.0,0.225,0.15,NaN,NaN
2001.0,0.225,0.15,NaN,NaN
2002.0,0.225,0.15,NaN,NaN
2003.0,0.225,0.15,NaN,NaN
2004.0,0.225,0.15,NaN,NaN
2005.0,0.225,0.15,NaN,NaN
2006.0,0.225,0.15,NaN,NaN
2007.0,0.225,0.15,NaN,NaN
2008.0,0.225,0.15,NaN,NaN
2009.0,0.225,0.15,NaN,NaN
2010.0,0.225,0.15,NaN,NaN
2011.0,0.225,0.15,NaN,NaN
2012.0,0.225,0.15,NaN,NaN
2013.0,0.225,0.15,NaN,NaN
2014.0,0.225,0.15,NaN,NaN
2015.0,0.225,0.15,NaN,NaN
2016.0,0.225,0.15,NaN,NaN
2017.0,0.225,0.15,NaN,NaN
2018.0,0.225,0.15,NaN,NaN
2019.0,0.225,0.15,NaN,NaN
2020.0,0.225,0.15,NaN,NaN
2021.0,0.225,0.15,NaN,NaN
2022.0,0.225,0.15,NaN,NaN
2023.0,0.225,0.15,NaN,NaN
2024.0,0.225,0.15,NaN,NaN
2025.0,0.225,0.15,NaN,NaN
2026.0,0.225,0.15,NaN,NaN
2027.0,0.2625,0.125,NaN,NaN
2028.0,0.2625,0.125,NaN,NaN
2029.0,0.2625,0.125,NaN,NaN
2030.0,0.2625,0.125,NaN,NaN
2031.0,0.2625,0.125,NaN,NaN
2032.0,0.2625,0.125,NaN,NaN
2033.0,0.2625,0.125,NaN,NaN
2034.0,0.2625,0.125,NaN,NaN
2035.0,0.2625,0.125,NaN,NaN
2036.0,0.2625,0.125,NaN,NaN
2037.0,0.2625,0.125,NaN,NaN
2038.0,0.2625,0.125,NaN,NaN
2039.0,0.2625,0.125,NaN,NaN
2040.0,0.2625,0.125,NaN,NaN
2041.0,0.2625,0.125,NaN,NaN
2042.0,0.2625,0.125,NaN,NaN
2043.0,0.2625,0.125,NaN,NaN
2044.0,0.2625,0.125,NaN,NaN
2045.0,0.2625,0.125,NaN,NaN
2046.0,0.2625,0.125,NaN,NaN
2047.0,0.2625,0.125,NaN,NaN
2048.0,0.2625,0.125,NaN,NaN
2049.0,0.2625,0.125,NaN,NaN
2050.0,0.2625,0.125,NaN,NaN
2051.0,0.2625,0.125,NaN,NaN
2052.0,0.2625,0.125,NaN,NaN
2053.0,0.2625,0.125,NaN,NaN
2054.0,0.2625,0.125,NaN,NaN
2055.0,0.2625,0.125,NaN,NaN
2056.0,0.2625,0.125,NaN,NaN
2057.0,0.2625,0.125,NaN,NaN
2058.0,0.2625,0.125,NaN,NaN
2059.0,0.2625,0.125,NaN,NaN
2060.0,0.2625,0.125,NaN,NaN
2061.0,0.2625,0.125,NaN,NaN
2062.0,0.2625,0.125,NaN,NaN
2063.0,0.2625,0.125,NaN,NaN
2064.0,0.2625,0.125,NaN,NaN
2065.0,0.2625,0.125,NaN,NaN
2066.0,0.2625,0.125,NaN,NaN
2067.0,0.2625,0.125,NaN,NaN
2068.0,0.2625,0.125,NaN,NaN
2069.0,0.2625,0.125,NaN,NaN
2070.0,0.2625,0.125,NaN,NaN
2071.0,0.2625,0.125,NaN,NaN
2072.0,0.2625,0.125,NaN,NaN
2073.0,0.2625,0.125,NaN,NaN
2074.0,0.2625,0.125,NaN,NaN
2075.0,0.2625,0.125,NaN,NaN
2076.0,0.2625,0.125,NaN,NaN
2077.0,0.2625,0.125,NaN,NaN
2078.0,0.2625,0.125,NaN,NaN
2079.0,0.2625,0.125,NaN,NaN
2080.0,0.2625,0.125,NaN,NaN
2081.0,0.2625,0.125,NaN,NaN
2082.0,0.2625,0.125,NaN,NaN
2083.0,0.2625,0.125,NaN,NaN
2084.0,0.2625,0.125,NaN,NaN
2085.0,0.2625,0.125,NaN,NaN
2086.0,0.2625,0.125,NaN,NaN
2087.0,0.2625,0.125,NaN,NaN
2088.0,0.2625,0.125,NaN,NaN
2089.0,0.2625,0.125,NaN,NaN
2090.0,0.2625,0.125,NaN,NaN
2091.0,0.2625,0.125,NaN,NaN
2092.0,0.2625,0.125,NaN,NaN
2093.0,0.2625,0.125,NaN,NaN
2094.0,0.2625,0.125,NaN,NaN
2095.0,0.2625,0.125,NaN,NaN
2096.0,0.2625,0.125,NaN,NaN
2097.0,0.2625,0.125,NaN,NaN
2098.0,0.2625,0.125,NaN,NaN
2099.0,0.2625,0.125,NaN,NaN
2100.0,0.2625,0.125,NaN,NaN
2101.0,0.2625,0.125,NaN,NaN
2102.0,0.2625,0.125,NaN,NaN
2103.0,0.2625,0.125,NaN,NaN
2104.0,0.2625,0.125,NaN,NaN
2105.0,0.2625,0.125,NaN,NaN
2106.0,0.2625,0.125,NaN,NaN
2107.0,0.2625,0.125,NaN,NaN
2108.0,0.2625,0.125,NaN,NaN
2109.0,0.2625,0.125,NaN,NaN
2110.0,0.2625,0.125,NaN,NaN
2111.0,0.2625,0.125,NaN,NaN
2112.0,0.2625,0.125,NaN,NaN
2113.0,0.2625,0.125,NaN,NaN
2114.0,0.2625,0.125,NaN,NaN
2115.0,0.2625,0.125,NaN,NaN
2116.0,0.2625,0.125,NaN,NaN
2117.0,0.2625,0.125,NaN,NaN
2118.0,0.2625,0.125,NaN,NaN
2119.0,0.2625,0.125,NaN,NaN
2120.0,0.2625,0.125,NaN,NaN
2121.0,0.2625,0.125,NaN,NaN
2122.0,0.2625,0.125,NaN,NaN
2123.0,0.2625,0.125,NaN,NaN
2124.0,0.2625,0.125,NaN,NaN
2125.0,0.2625,0.125,NaN,NaN
2126.0,0.2625,0.125,NaN,NaN
2127.0,0.2625,0.125,NaN,NaN
2128.0,0.2625,0.125,NaN,NaN
2129.0,0.2625,0.125,NaN,NaN
2130.0,0.2625,0.125,NaN,NaN
2131.0,0.2625,0.125,NaN,NaN
2132.0,0.2625,0.125,NaN,NaN
2133.0,0.2625,0.125,NaN,NaN
2134.0,0.2625,0.125,NaN,NaN
2135.0,0.2625,0.125,NaN,NaN
2136.0,0.2625,0.125,NaN,NaN
2137.0,0.2625,0.125,NaN,NaN
2138.0,0.2625,0.125,NaN,NaN
2139.0,0.2625,0.125,NaN,NaN
2140.0,0.2625,0.125,NaN,NaN
2141.0,0.2625,0.125,NaN,NaN
2142.0,0.2625,0.125,NaN,NaN
2143.0,0.2625,0.125,NaN,NaN
2144.0,0.2625,0.125,NaN,NaN
2145.0,0.2625,0.125,NaN,NaN
2146.0,0.2625,0.125,NaN,NaN
2147.0,0.2625,0.125,NaN,NaN
2148.0,0.2625,0.125,NaN,NaN
2149.0,0.2625,0.125,NaN,NaN
2150.0,0.2625,0.125,NaN,NaN
2151.0,0.2625,0.125,NaN,NaN
2152.0,0.2625,0.125,NaN,NaN
2153.0,0.2625,0.125,NaN,NaN
2154.0,0.2625,0.125,NaN,NaN
2155.0,0.2625,0.125,NaN,NaN
2156.0,0.2625,0.125,NaN,NaN
2157.0,0.2625,0.125,NaN,NaN
2158.0,0.2625,0.125,NaN,NaN
2159.0,0.2625,0.125,NaN,NaN
2160.0,0.2625,0.125,NaN,NaN
2161.0,0.2625,0.125,NaN,NaN
2162.0,0.2625,0.125,NaN,NaN
2163.0,0.2625,0.125,NaN,NaN
2164.0,0.2625,0.125,NaN,NaN
2165.0,0.2625,0.125,NaN,NaN
2166.0,0.2625,0.125,NaN,NaN
2167.0,0.2625,0.125,NaN,NaN
2168.0,0.2625,0.125,NaN,NaN
2169.0,0.2625,0.125,NaN,NaN
2170.0,0.2625,0.125,NaN,NaN
2171.0,0.2625,0.125,NaN,NaN
2172.0,0.2625,0.125,NaN,NaN
2173.0,0.2625,0.125,NaN,NaN
2174.0,0.2625,0.125,NaN,NaN
2175.0,0.2625,0.125,NaN,NaN
2176.0,0.2625,0.125,NaN,NaN
2177.0,0.2625,0.125,NaN,NaN
2178.0,0.2625,0.125,NaN,NaN
2179.0,0.2625,0.125,NaN,NaN
2180.0,0.2625,0.125,NaN,NaN
2181.0,0.2625,0.125,NaN,NaN
2182.0,0.2625,0.125,NaN,NaN
2183.0,0.2625,0.125,NaN,NaN
2184.0,0.2625,0.125,NaN,NaN
2185.0,0.2625,0.125,NaN,NaN
2186.0,0.2625,0.125,NaN,NaN
2187.0,0.2625,0.125,NaN,NaN
2188.0,0.2625,0.125,NaN,NaN
2189.0,0.2625,0.125,NaN,NaN
2190.0,0.2625,0.125,NaN,NaN
2191.0,0.2625,0.125,NaN,NaN
2192.0,0.2625,0.125,NaN,NaN
2193.0,0.2625,0.125,NaN,NaN
2194.0,0.2625,0.125,NaN,NaN
2195.0,0.2625,0.125,NaN,NaN
2196.0,0.2625,0.125,NaN,NaN
2197.0,0.2625,0.125,NaN,NaN
2198.0,0.2625,0.125,NaN,NaN
2199.0,0.2625,0.125,NaN,NaN
2200.0,0.2625,0.125,NaN,NaN
2201.0,0.2625,0.125,NaN,NaN
2202.0,0.2625,0.125,NaN,NaN
2203.0,0.2625,0.125,NaN,NaN
2204.0,0.2625,0.125,NaN,NaN
2205.0,0.2625,0.125,NaN,NaN
2206.0,0.2625,0.125,NaN,NaN
2207.0,0.2625,0.125,NaN,NaN
2208.0,0.2625,0.125,NaN,NaN
2209.0,0.2625,0.125,NaN,NaN
2210.0,0.2625,0.125,NaN,NaN
2211.0,0.2625,0.125,NaN,NaN
2212.0,0.2625,0.125,NaN,NaN
2213.0,0.2625,0.125,NaN,NaN
2214.0,0.2625,0.125,NaN,NaN
2215.0,0.2625,0.125,NaN,NaN
2216.0,0.2625,0.125,NaN,NaN
2217.0,0.2625,0.125,NaN,NaN
2218.0,0.2625,0.125,NaN,NaN
2219.0,0.2625,0.125,NaN,NaN
2220.0,0.2625,0.125,NaN,NaN
2221.0,0.2625,0.125,NaN,NaN
2222.0,0.2625,0.125,NaN,NaN
2223.0,0.2625,0.125,NaN,NaN
2224.0,0.2625,0.125,NaN,NaN
2225.0,0.2625,0.125,NaN,NaN
2226.0,0.2625,0.125,NaN,NaN
2227.0,0.2625,0.125,NaN,NaN
2228.0,0.2625,0.125,NaN,NaN
2229.0,0.2625,0.125,NaN,NaN
2230.0,0.2625,0.125,NaN,NaN
2231.0,0.2625,0.125,NaN,NaN
2232.0,0.2625,0.125,NaN,NaN
2233.0,0.2625,0.125,NaN,NaN
2234.0,0.2625,0.125,NaN,NaN
2235.0,0.2625,0.125,NaN,NaN
2236.0,0.2625,0.125,NaN,NaN
2237.0,0.2625,0.125,NaN,NaN
2238.0,0.2625,0.125,NaN,NaN
2239.0,0.2625,0.125,NaN,NaN
2240.0,0.2625,0.125,NaN,NaN
2241.0,0.2625,0.125,NaN,NaN
2242.0,0.2625,0.125,NaN,NaN
2243.0,0.2625,0.125,NaN,NaN
2244.0,0.2625,0.125,NaN,NaN
2245.0,0.2625,0.125,NaN,NaN
2246.0,0.2625,0.125,NaN,NaN
2247.0,0.2625,0.125,NaN,NaN
2248.0,0.2625,0.125,NaN,NaN
2249.0,0.2625,0.125,NaN,NaN
2250.0,0.2625,0.125,NaN,NaN
2251.0,0.2625,0.125,NaN,NaN
2252.0,0.2625,0.125,NaN,NaN
2253.0,0.2625,0.125,NaN,NaN
2254.0,0.2625,0.125,NaN,NaN
2255.0,0.2625,0.125,NaN,NaN
2256.0,0.2625,0.125,NaN,NaN
2257.0,0.2625,0.125,NaN,NaN
2258.0,0.2625,0.125,NaN,NaN
2259.0,0.2625,0.125,NaN,NaN
2260.0,0.2625,0.125,NaN,NaN
2261.0,0.2625,0.125,NaN,NaN
2262.0,0.2625,0.125,NaN,NaN
2263.0,0.2625,0.125,NaN,NaN
2264.0,0.2625,0.125,NaN,NaN
2265.0,0.2625,0.125,NaN,NaN
2266.0,0.2625,0.125,NaN,NaN
2267.0,0.2625,0.125,NaN,NaN
2268.0,0.2625,0.125,NaN,NaN
2269.0,0.2625,0.125,NaN,NaN
2270.0,0.2625,0.125,NaN,NaN
2271.0,0.2625,0.125,NaN,NaN
2272.0,0.2625,0.125,NaN,NaN
2273.0,0.2625,0.125,NaN,NaN
2274.0,0.2625,0.125,NaN,NaN
2275.0,0.2625,0.125,NaN,NaN
2276.0,0.2625,0.125,NaN,NaN
2277.0,0.2625,0.125,NaN,NaN
2278.0,0.2625,0.125,NaN,NaN
2279.0,0.2625,0.125,NaN,NaN
2280.0,0.2625,0.125,NaN,NaN
2281.0,0.2625,0.125,NaN,NaN
2282.0,0.2625,0.125,NaN,NaN
2283.0,0.3,0.1,NaN,NaN
2284.0,0.3,0.1,NaN,NaN
2285.0,0.3,0.1,NaN,NaN
2286.0,0.3,0.1,NaN,NaN
2287.0,0.3,0.1,NaN,NaN
2288.0,0.3,0.1,NaN,NaN
2289.0,0.3,0.1,NaN,NaN
2290.0,0.3,0.1,NaN,NaN
2291.0,0.3,0.1,NaN,NaN
2292.0,0.3,0.1,NaN,NaN
2293.0,0.3,0.1,NaN,NaN
2294.0,0.3,0.1,NaN,NaN
2295.0,0.3,0.1,NaN,NaN
2296.0,0.3,0.1,NaN,NaN
2297.0,0.3,0.1,NaN,NaN
2298.0,0.3,0.1,NaN,NaN
2299.0,0.3,0.1,NaN,NaN
2300.0,0.3,0.1,NaN,NaN
2301.0,0.3,0.1,NaN,NaN
2302.0,0.3,0.1,NaN,NaN
2303.0,0.3,0.1,NaN,NaN
2304.0,0.3,0.1,NaN,NaN
2305.0,0.3,0.1,NaN,NaN
2306.0,0.3,0.1,NaN,NaN
2307.0,0.3,0.1,NaN,NaN
2308.0,0.3,0.1,NaN,NaN
2309.0,0.3,0.1,NaN,NaN
2310.0,0.3,0.1,NaN,NaN
2311.0,0.3,0.1,NaN,NaN
2312.0,0.3,0.1,NaN,NaN
2313.0,0.3,0.1,NaN,NaN
2314.0,0.3,0.1,NaN,NaN
2315.0,0.3,0.1,NaN,NaN
2316.0,0.3,0.1,NaN,NaN
2317.0,0.3,0.1,NaN,NaN
2318.0,0.3,0.1,NaN,NaN
2319.0,0.3,0.1,NaN,NaN
2320.0,0.3,0.1,NaN,NaN
2321.0,0.3,0.1,NaN,NaN
2322.0,0.3,0.1,NaN,NaN
2323.0,0.3,0.1,NaN,NaN
2324.0,0.3,0.1,NaN,NaN
2325.0,0.3,0.1,NaN,NaN
2326.0,0.3,0.1,NaN,NaN
2327.0,0.3,0.1,NaN,NaN
2328.0,0.3,0.1,NaN,NaN
2329.0,0.3,0.1,NaN,NaN
2330.0,0.3,0.1,NaN,NaN
2331.0,0.3,0.1,NaN,NaN
2332.0,0.3,0.1,NaN,NaN
2333.0,0.3,0.1,NaN,NaN
2334.0,0.3,0.1,NaN,NaN
2335.0,0.3,0.1,NaN,NaN
2336.0,0.3,0.1,NaN,NaN
2337.0,0.3,0.1,NaN,NaN
2338.0,0.3,0.1,NaN,NaN
2339.0,0.3,0.1,NaN,NaN
2340.0,0.3,0.1,NaN,NaN
2341.0,0.3,0.1,NaN,NaN
2342.0,0.3,0.1,NaN,NaN
2343.0,0.3,0.1,NaN,NaN
2344.0,0.3,0.1,NaN,NaN
2345.0,0.3,0.1,NaN,NaN
2346.0,0.3,0.1,NaN,NaN
2347.0,0.3,0.1,NaN,NaN
2348.0,0.3,0.1,NaN,NaN
2349.0,0.3,0.1,NaN,NaN
2350.0,0.3,0.1,NaN,NaN
2351.0,0.3,0.1,NaN,NaN
2352.0,0.3,0.1,NaN,NaN
2353.0,0.3,0.1,NaN,NaN
2354.0,0.3,0.1,NaN,NaN
2355.0,0.3,0.1,NaN,NaN
2356.0,0.3,0.1,NaN,NaN
2357.0,0.3,0.1,NaN,NaN
2358.0,0.3375,0.075,NaN,NaN
2359.0,0.3375,0.075,NaN,NaN
2360.0,0.3375,0.075,NaN,NaN
2361.0,0.3375,0.075,NaN,NaN
2362.0,0.3375,0.075,NaN,NaN
2363.0,0.3375,0.075,NaN,NaN
2364.0,0.3375,0.075,NaN,NaN
2365.0,0.3375,0.075,NaN,NaN
2366.0,0.3375,0.075,NaN,NaN
2367.0,0.3375,0.075,NaN,NaN
2368.0,0.3375,0.075,NaN,NaN
2369.0,0.3375,0.075,NaN,NaN
2370.0,0.3375,0.075,NaN,NaN
2371.0,0.3375,0.075,NaN,NaN
2372.0,0.3375,0.075,NaN,NaN
2373.0,0.3375,0.075,NaN,NaN
2374.0,0.3375,0.075,NaN,NaN
2375.0,0.3375,0.075,NaN,NaN
2376.0,0.3375,0.075,NaN,NaN
2377.0,0.3375,0.075,NaN,NaN
2378.0,0.3375,0.075,NaN,NaN
2379.0,0.3375,0.075,NaN,NaN
2380.0,0.3375,0.075,NaN,NaN
2381.0,0.3375,0.075,NaN,NaN
2382.0,0.3375,0.075,NaN,NaN
2383.0,0.3375,0.075,NaN,NaN
2384.0,0.3375,0.075,NaN,NaN
2385.0,0.3375,0.075,NaN,NaN
2386.0,0.3375,0.075,NaN,NaN
2387.0,0.3375,0.075,NaN,NaN
2388.0,0.3375,0.075,NaN,NaN
2389.0,0.3375,0.075,NaN,NaN
2390.0,0.3375,0.075,NaN,NaN
2391.0,0.3375,0.075,NaN,NaN
2392.0,0.3375,0.075,NaN,NaN
2393.0,0.3375,0.075,NaN,NaN
2394.0,0.3375,0.075,NaN,NaN
2395.0,0.3375,0.075,NaN,NaN
2396.0,0.3375,0.075,NaN,NaN
2397.0,0.3375,0.075,NaN,NaN
2398.0,0.3375,0.075,NaN,NaN
2399.0,0.3375,0.075,NaN,NaN
2400.0,0.3375,0.075,NaN,NaN
